시간,발전량
2025-01-01 00:00,0.6526110178990305
2025-01-01 01:00,0.7634246487135563
2025-01-01 02:00,0.6808165654426137
2025-01-01 03:00,1.2732620537447443
2025-01-01 04:00,1.4472553800488148
2025-01-01 05:00,1.7745906640808617
2025-01-01 06:00,1.9609754586827637
2025-01-01 07:00,3.6378850651893
2025-01-01 08:00,2.5732713361829083
2025-01-01 09:00,2.570716665806353
2025-01-01 10:00,0.8721470303641072
2025-01-01 11:00,0.7692345416471421
2025-01-01 12:00,2.3561240761644204
2025-01-01 13:00,3.285086538582234
2025-01-01 14:00,3.2871225605955976
2025-01-01 15:00,3.1198280269565135
2025-01-01 16:00,3.0567369616709383
2025-01-01 17:00,3.5612619410071122
2025-01-01 18:00,3.969929462517059
2025-01-01 19:00,4.394723364836784
2025-01-01 20:00,4.84932545977645
2025-01-01 21:00,5.24804288707996
2025-01-01 22:00,6.878765069272973
2025-01-01 23:00,5.823669210830508
2025-01-02 00:00,3.9203173282214627
2025-01-02 01:00,5.032974612692037
2025-01-02 02:00,5.9557519278232665
2025-01-02 03:00,5.627536114397623
2025-01-02 04:00,5.4185159903568465
2025-01-02 05:00,5.241277756957898
2025-01-02 06:00,5.485109138489407
2025-01-02 07:00,6.195536408987763
2025-01-02 08:00,6.406744658287854
2025-01-02 09:00,4.288486665250802
2025-01-02 10:00,3.455415764856877
2025-01-02 11:00,3.7592381462681135
2025-01-02 12:00,5.169347644714671
2025-01-02 13:00,6.436749544086073
2025-01-02 14:00,8.130101635343369
2025-01-02 15:00,10.733404969523347
2025-01-02 16:00,15.702348527777502
2025-01-02 17:00,13.825335961127822
2025-01-02 18:00,12.984845963504242
2025-01-02 19:00,12.362276292250996
2025-01-02 20:00,11.266034303961062
2025-01-02 21:00,14.499119517537771
2025-01-02 22:00,9.636794685962151
2025-01-02 23:00,9.091463646206812
2025-01-03 00:00,14.456735234654907
2025-01-03 01:00,9.677186034635216
2025-01-03 02:00,9.501556286093606
2025-01-03 03:00,12.147458453703866
2025-01-03 04:00,10.962295001790753
2025-01-03 05:00,16.935222596054537
2025-01-03 06:00,16.850787682503437
2025-01-03 07:00,15.992056371869815
2025-01-03 08:00,13.833895962638472
2025-01-03 09:00,12.292217419334591
2025-01-03 10:00,10.640637039919561
2025-01-03 11:00,9.567705905915737
2025-01-03 12:00,10.055948926714438
2025-01-03 13:00,9.255146955428195
2025-01-03 14:00,5.751465106798771
2025-01-03 15:00,5.011490283422341
2025-01-03 16:00,6.141198500340813
2025-01-03 17:00,5.44795329401575
2025-01-03 18:00,10.079203201877057
2025-01-03 19:00,14.049791427021493
2025-01-03 20:00,18.97129513347571
2025-01-03 21:00,22.95109889129835
2025-01-03 22:00,20.564086242402762
2025-01-03 23:00,24.495359149319874
2025-01-04 00:00,12.523287114314824
2025-01-04 01:00,10.24860050409286
2025-01-04 02:00,8.484273212113042
2025-01-04 03:00,6.512003513712794
2025-01-04 04:00,5.821684256385983
2025-01-04 05:00,3.372072067113416
2025-01-04 06:00,1.67310904294232
2025-01-04 07:00,1.3125276245270237
2025-01-04 08:00,1.2772794746881915
2025-01-04 09:00,0.5417115330906523
2025-01-04 10:00,0.7672218301911912
2025-01-04 11:00,0.438726566587269
2025-01-04 12:00,0.2532113497549603
2025-01-04 13:00,0.4275450607995704
2025-01-04 14:00,0.7642115741767213
2025-01-04 15:00,1.1343452740478468
2025-01-04 16:00,1.2098686225344564
2025-01-04 17:00,1.13889800324006
2025-01-04 18:00,0.8089969597018534
2025-01-04 19:00,1.2682318768822605
2025-01-04 20:00,1.3740998159993105
2025-01-04 21:00,2.4015713988637186
2025-01-04 22:00,3.1828361829777476
2025-01-04 23:00,5.307647325052566
2025-01-05 00:00,4.686629517112508
2025-01-05 01:00,5.199969675254834
2025-01-05 02:00,7.3332501376031205
2025-01-05 03:00,8.600096885570249
2025-01-05 04:00,9.009160401063594
2025-01-05 05:00,12.240397523868943
2025-01-05 06:00,20.7417891691926
2025-01-05 07:00,24.943635480270302
2025-01-05 08:00,24.595402162860733
2025-01-05 09:00,27.237716203611985
2025-01-05 10:00,40.17402837505954
2025-01-05 11:00,36.42985428672581
2025-01-05 12:00,40.27597721534164
2025-01-05 13:00,36.115754146116295
2025-01-05 14:00,33.35810538776758
2025-01-05 15:00,32.63734700922392
2025-01-05 16:00,24.966090601700543
2025-01-05 17:00,20.644559073802135
2025-01-05 18:00,18.074837982773772
2025-01-05 19:00,13.340258407551271
2025-01-05 20:00,11.206086472646282
2025-01-05 21:00,8.644224717188902
2025-01-05 22:00,9.99810380802774
2025-01-05 23:00,10.815106784352349
2025-01-06 00:00,17.65651271719872
2025-01-06 01:00,22.391258287660364
2025-01-06 02:00,25.97473632291313
2025-01-06 03:00,27.213839847115132
2025-01-06 04:00,24.83891875001348
2025-01-06 05:00,27.07158206349927
2025-01-06 06:00,25.10179281244462
2025-01-06 07:00,30.964382574150953
2025-01-06 08:00,33.00228190659175
2025-01-06 09:00,34.26126847880543
2025-01-06 10:00,39.88045292032103
2025-01-06 11:00,47.54283840089009
2025-01-06 12:00,48.661340661552934
2025-01-06 13:00,51.86308868633955
2025-01-06 14:00,53.312411752128625
2025-01-06 15:00,52.18179495423681
2025-01-06 16:00,51.92290570611978
2025-01-06 17:00,53.50510381677702
2025-01-06 18:00,54.55699963095644
2025-01-06 19:00,54.853721705329036
2025-01-06 20:00,53.862298786649525
2025-01-06 21:00,54.50509981810754
2025-01-06 22:00,56.6849819456192
2025-01-06 23:00,55.63979667784379
2025-01-07 00:00,51.85489482213549
2025-01-07 01:00,50.34805943804376
2025-01-07 02:00,51.40821140522103
2025-01-07 03:00,51.32597183471815
2025-01-07 04:00,42.038210006691656
2025-01-07 05:00,39.75043146629652
2025-01-07 06:00,29.584067622661422
2025-01-07 07:00,28.856116027422374
2025-01-07 08:00,26.47221036157422
2025-01-07 09:00,25.55171655114178
2025-01-07 10:00,26.877635822592694
2025-01-07 11:00,30.566981007989256
2025-01-07 12:00,33.964017547589165
2025-01-07 13:00,35.34421362597897
2025-01-07 14:00,37.12511869621384
2025-01-07 15:00,41.30683143744147
2025-01-07 16:00,42.257403311212954
2025-01-07 17:00,43.96400283397888
2025-01-07 18:00,43.52987807641548
2025-01-07 19:00,42.07869976194312
2025-01-07 20:00,44.05643733438734
2025-01-07 21:00,43.714473839099895
2025-01-07 22:00,45.11703688112641
2025-01-07 23:00,47.944862509401254
2025-01-08 00:00,41.36461729649431
2025-01-08 01:00,37.697574564566104
2025-01-08 02:00,36.15096536978257
2025-01-08 03:00,33.353800711790804
2025-01-08 04:00,36.59643351384304
2025-01-08 05:00,40.434791221188725
2025-01-08 06:00,37.624812550938664
2025-01-08 07:00,38.86171787378818
2025-01-08 08:00,37.20304511748813
2025-01-08 09:00,32.9315148225062
2025-01-08 10:00,31.55863191306942
2025-01-08 11:00,26.163387140347268
2025-01-08 12:00,35.17832743898773
2025-01-08 13:00,36.92403003584607
2025-01-08 14:00,39.71265822213549
2025-01-08 15:00,47.59762114502662
2025-01-08 16:00,50.415217506301
2025-01-08 17:00,54.272911572742565
2025-01-08 18:00,56.89382314597913
2025-01-08 19:00,57.66962420272068
2025-01-08 20:00,55.91362663908954
2025-01-08 21:00,56.48163442667432
2025-01-08 22:00,57.076245981093585
2025-01-08 23:00,55.58107123351313
2025-01-09 00:00,56.54803437416501
2025-01-09 01:00,56.20035862281191
2025-01-09 02:00,56.311229341806964
2025-01-09 03:00,55.6666150524916
2025-01-09 04:00,55.59287790178753
2025-01-09 05:00,55.018145102912584
2025-01-09 06:00,53.3668023415519
2025-01-09 07:00,54.20141430993523
2025-01-09 08:00,53.9441824682393
2025-01-09 09:00,55.03872404865069
2025-01-09 10:00,55.73196650760668
2025-01-09 11:00,53.7638908070185
2025-01-09 12:00,54.73841607598881
2025-01-09 13:00,54.033654446646885
2025-01-09 14:00,52.630617852004775
2025-01-09 15:00,52.7677360588759
2025-01-09 16:00,51.64675956472012
2025-01-09 17:00,52.90432276190959
2025-01-09 18:00,52.222579193415626
2025-01-09 19:00,51.73084930662783
2025-01-09 20:00,49.871381693996604
2025-01-09 21:00,51.69006897463309
2025-01-09 22:00,48.45943958611237
2025-01-09 23:00,45.359012492344014
2025-01-10 00:00,43.26859526401142
2025-01-10 01:00,37.68359744902135
2025-01-10 02:00,33.05941575694806
2025-01-10 03:00,25.425825293170455
2025-01-10 04:00,17.43118105311504
2025-01-10 05:00,13.31563148617402
2025-01-10 06:00,13.216218414767432
2025-01-10 07:00,12.034976946943006
2025-01-10 08:00,12.27413056078194
2025-01-10 09:00,11.586437631918393
2025-01-10 10:00,8.932646531480357
2025-01-10 11:00,10.711366196961885
2025-01-10 12:00,8.595168613562972
2025-01-10 13:00,7.829005209725841
2025-01-10 14:00,9.94536004957891
2025-01-10 15:00,14.362937510393639
2025-01-10 16:00,14.180977767493133
2025-01-10 17:00,13.123572665465876
2025-01-10 18:00,16.086083265980264
2025-01-10 19:00,14.574056999529615
2025-01-10 20:00,16.706362472234634
2025-01-10 21:00,16.918471839431938
2025-01-10 22:00,17.114534108017292
2025-01-10 23:00,14.425713694869401
2025-01-11 00:00,10.194256860480854
2025-01-11 01:00,8.88071821616225
2025-01-11 02:00,9.343480330415922
2025-01-11 03:00,11.259081242671591
2025-01-11 04:00,10.718558835630706
2025-01-11 05:00,8.103790923244006
2025-01-11 06:00,7.0911959088513985
2025-01-11 07:00,7.605236054808486
2025-01-11 08:00,4.984944116498727
2025-01-11 09:00,2.172870390628126
2025-01-11 10:00,1.859529550909539
2025-01-11 11:00,1.236896332243662
2025-01-11 12:00,0.7633874762740764
2025-01-11 13:00,0.5159274675944454
2025-01-11 14:00,0.9719665879358402
2025-01-11 15:00,1.334109878775674
2025-01-11 16:00,1.5318534600390348
2025-01-11 17:00,3.427587551776713
2025-01-11 18:00,2.178478825473458
2025-01-11 19:00,3.8167608049644883
2025-01-11 20:00,4.980350780440403
2025-01-11 21:00,5.277179099636086
2025-01-11 22:00,4.382111718553674
2025-01-11 23:00,4.570455522670967
2025-01-12 00:00,3.761506069901324
2025-01-12 01:00,4.184503094823504
2025-01-12 02:00,3.769833745712793
2025-01-12 03:00,4.995981243262267
2025-01-12 04:00,4.809237310265235
2025-01-12 05:00,4.93242243215379
2025-01-12 06:00,4.836236463958775
2025-01-12 07:00,5.987727854221653
2025-01-12 08:00,5.737709338128658
2025-01-12 09:00,2.583739626145001
2025-01-12 10:00,1.6712326783006635
2025-01-12 11:00,1.1526481206921826
2025-01-12 12:00,0.8775515735043002
2025-01-12 13:00,0.38955966264740427
2025-01-12 14:00,1.4246584091397159
2025-01-12 15:00,0.8483342265751906
2025-01-12 16:00,1.6470887588258845
2025-01-12 17:00,1.2091332070023852
2025-01-12 18:00,2.9315887627241928
2025-01-12 19:00,4.7697230951639495
2025-01-12 20:00,4.598231327726999
2025-01-12 21:00,7.632416773023918
2025-01-12 22:00,7.891288000853155
2025-01-12 23:00,5.809968970074392
2025-01-13 00:00,4.73267314469015
2025-01-13 01:00,4.655470623305713
2025-01-13 02:00,2.618946895732674
2025-01-13 03:00,1.5025184764009478
2025-01-13 04:00,2.1830242457009046
2025-01-13 05:00,2.5180249019621375
2025-01-13 06:00,2.3924769234136467
2025-01-13 07:00,1.3354143793682733
2025-01-13 08:00,1.2196631785691356
2025-01-13 09:00,1.2611214829194939
2025-01-13 10:00,0.7382055951522748
2025-01-13 11:00,0.5708437094895591
2025-01-13 12:00,1.0282725960822447
2025-01-13 13:00,2.4937955842522044
2025-01-13 14:00,2.603900709015671
2025-01-13 15:00,3.2423992863357887
2025-01-13 16:00,5.566223558718473
2025-01-13 17:00,6.063609513767957
2025-01-13 18:00,10.452777270627976
2025-01-13 19:00,13.416128700058966
2025-01-13 20:00,17.879734812130813
2025-01-13 21:00,22.189043150419298
2025-01-13 22:00,23.553739103142753
2025-01-13 23:00,26.644527654054798
2025-01-14 00:00,19.528697972193903
2025-01-14 01:00,20.280810855194115
2025-01-14 02:00,24.163703546094307
2025-01-14 03:00,26.64039247695492
2025-01-14 04:00,28.730044516355257
2025-01-14 05:00,28.584343733950295
2025-01-14 06:00,24.35659725702301
2025-01-14 07:00,22.76309446618412
2025-01-14 08:00,23.902722850118934
2025-01-14 09:00,20.468282626308056
2025-01-14 10:00,17.826490309686605
2025-01-14 11:00,17.43983410737527
2025-01-14 12:00,15.423173524620907
2025-01-14 13:00,13.435928437253386
2025-01-14 14:00,15.466778510140221
2025-01-14 15:00,13.976377735130082
2025-01-14 16:00,19.50789272030135
2025-01-14 17:00,22.57564155196158
2025-01-14 18:00,24.00719369407328
2025-01-14 19:00,26.17491860375815
2025-01-14 20:00,35.931195075608926
2025-01-14 21:00,38.6303562722311
2025-01-14 22:00,43.06576865457947
2025-01-14 23:00,43.66926570258996
2025-01-15 00:00,36.102443240643254
2025-01-15 01:00,46.800498309789326
2025-01-15 02:00,44.31781172627711
2025-01-15 03:00,42.79444786721271
2025-01-15 04:00,46.48060444134607
2025-01-15 05:00,43.75117918487393
2025-01-15 06:00,48.77940590116856
2025-01-15 07:00,46.14009102699117
2025-01-15 08:00,43.35041251660221
2025-01-15 09:00,37.921926019899125
2025-01-15 10:00,43.82463738859207
2025-01-15 11:00,40.86707658931064
2025-01-15 12:00,37.993078675546116
2025-01-15 13:00,37.65131736320539
2025-01-15 14:00,35.90659586346682
2025-01-15 15:00,37.99245784087324
2025-01-15 16:00,38.000175166546676
2025-01-15 17:00,39.184889478283324
2025-01-15 18:00,38.62891163346413
2025-01-15 19:00,36.20224931441888
2025-01-15 20:00,33.370590941214715
2025-01-15 21:00,26.12006093083456
2025-01-15 22:00,17.80661867424673
2025-01-15 23:00,13.29886525582116
2025-01-16 00:00,11.365400234322193
2025-01-16 01:00,7.187431838089455
2025-01-16 02:00,7.083626031622
2025-01-16 03:00,6.212584559288292
2025-01-16 04:00,5.903851691115839
2025-01-16 05:00,7.851297322394821
2025-01-16 06:00,7.7498935861698595
2025-01-16 07:00,7.391218903174284
2025-01-16 08:00,12.32272914962786
2025-01-16 09:00,11.518861639882877
2025-01-16 10:00,12.40188656743657
2025-01-16 11:00,12.095448226861825
2025-01-16 12:00,17.95865889193781
2025-01-16 13:00,19.467621459944887
2025-01-16 14:00,26.33116088434696
2025-01-16 15:00,23.21978472518409
2025-01-16 16:00,19.29805250293045
2025-01-16 17:00,19.270096838761447
2025-01-16 18:00,21.51191807560065
2025-01-16 19:00,23.381694129262584
2025-01-16 20:00,24.223978388418626
2025-01-16 21:00,22.329357947682702
2025-01-16 22:00,20.32559961463958
2025-01-16 23:00,15.656532137155775
2025-01-17 00:00,16.907028198266833
2025-01-17 01:00,17.540446031687473
2025-01-17 02:00,16.211394206771477
2025-01-17 03:00,20.335589173417123
2025-01-17 04:00,17.655009771119044
2025-01-17 05:00,12.296919576188806
2025-01-17 06:00,8.33127601405537
2025-01-17 07:00,5.914767071989864
2025-01-17 08:00,4.102659354275654
2025-01-17 09:00,3.5838822714579655
2025-01-17 10:00,2.0132898735096636
2025-01-17 11:00,1.4713932230863103
2025-01-17 12:00,2.384372214871669
2025-01-17 13:00,5.542129941911608
2025-01-17 14:00,7.595879675694842
2025-01-17 15:00,9.508208172644666
2025-01-17 16:00,11.807838143488357
2025-01-17 17:00,10.49886535145704
2025-01-17 18:00,10.163582934473862
2025-01-17 19:00,8.407158925108584
2025-01-17 20:00,8.345810386566031
2025-01-17 21:00,6.795489519968134
2025-01-17 22:00,5.308260179638921
2025-01-17 23:00,3.6654469589718746
2025-01-18 00:00,1.5897408898605327
2025-01-18 01:00,1.3834443826615441
2025-01-18 02:00,0.9742774335758599
2025-01-18 03:00,1.1906099451874932
2025-01-18 04:00,1.4137290295128224
2025-01-18 05:00,1.4052726773900317
2025-01-18 06:00,1.4213780214116507
2025-01-18 07:00,0.9857869409398876
2025-01-18 08:00,0.37277431704380143
2025-01-18 09:00,0.1526448545517115
2025-01-18 10:00,0.16345163327267245
2025-01-18 11:00,0.2131345004588206
2025-01-18 12:00,0.12987127123629136
2025-01-18 13:00,0.19029776487240702
2025-01-18 14:00,0.3631644020327386
2025-01-18 15:00,0.8632113277636683
2025-01-18 16:00,1.3426506463781784
2025-01-18 17:00,1.7731556490587064
2025-01-18 18:00,1.875736009970975
2025-01-18 19:00,0.5082231825171215
2025-01-18 20:00,0.631324291718396
2025-01-18 21:00,0.49932420683454926
2025-01-18 22:00,0.15931377103781785
2025-01-18 23:00,0.2347692147376944
2025-01-19 00:00,0.770856070434229
2025-01-19 01:00,1.149181622998397
2025-01-19 02:00,0.843814933572897
2025-01-19 03:00,0.3444624055471004
2025-01-19 04:00,0.06314052185547961
2025-01-19 05:00,0.18705598700408319
2025-01-19 06:00,0.30783228531591195
2025-01-19 07:00,0.3860932752993146
2025-01-19 08:00,0.7938301235395395
2025-01-19 09:00,0.8909919814324138
2025-01-19 10:00,0.7364180551236302
2025-01-19 11:00,1.1859176819021706
2025-01-19 12:00,0.4536056163010158
2025-01-19 13:00,0.3592955914478484
2025-01-19 14:00,0.11281236244780056
2025-01-19 15:00,0.5780305175460706
2025-01-19 16:00,0.835526014033752
2025-01-19 17:00,1.0493816885658296
2025-01-19 18:00,0.5976568479666077
2025-01-19 19:00,0.42298480426839924
2025-01-19 20:00,1.1749055601143479
2025-01-19 21:00,1.8093346260153256
2025-01-19 22:00,2.226678688530183
2025-01-19 23:00,2.91922525073666
2025-01-20 00:00,1.9435606385001796
2025-01-20 01:00,2.5488089026376852
2025-01-20 02:00,2.8096966329388975
2025-01-20 03:00,3.0256334854367957
2025-01-20 04:00,4.17956450453586
2025-01-20 05:00,5.668889870339047
2025-01-20 06:00,5.216095540156656
2025-01-20 07:00,5.177654962536814
2025-01-20 08:00,5.522302162412586
2025-01-20 09:00,4.159313308967526
2025-01-20 10:00,3.255853105764909
2025-01-20 11:00,5.13881189702483
2025-01-20 12:00,6.2457814432889265
2025-01-20 13:00,5.427224496821044
2025-01-20 14:00,6.693385538367103
2025-01-20 15:00,5.539819762991879
2025-01-20 16:00,4.362593708304968
2025-01-20 17:00,3.9507766362227343
2025-01-20 18:00,4.929945812461309
2025-01-20 19:00,5.295866946815075
2025-01-20 20:00,5.083632002800443
2025-01-20 21:00,4.243922347452246
2025-01-20 22:00,4.696677492899785
2025-01-20 23:00,4.733450122141782
2025-01-21 00:00,3.757094132464652
2025-01-21 01:00,2.847600761453158
2025-01-21 02:00,2.6909623364442643
2025-01-21 03:00,3.048098223079853
2025-01-21 04:00,3.570354293940869
2025-01-21 05:00,2.4139810568851816
2025-01-21 06:00,2.902813360872313
2025-01-21 07:00,1.421266964326528
2025-01-21 08:00,0.37753809899806207
2025-01-21 09:00,0.1498845428057476
2025-01-21 10:00,0.27449930226127833
2025-01-21 11:00,0.010142139794280912
2025-01-21 12:00,0.05253932894352957
2025-01-21 13:00,0.3352114157728822
2025-01-21 14:00,1.288716723380022
2025-01-21 15:00,1.9567489048756501
2025-01-21 16:00,1.628564716976607
2025-01-21 17:00,0.8850391772022499
2025-01-21 18:00,0.22537652419082532
2025-01-21 19:00,0.07713746460262169
2025-01-21 20:00,0.11726967680440697
2025-01-21 21:00,0.18892132453653512
2025-01-21 22:00,0.24585336874297048
2025-01-21 23:00,0.4580663261654493
2025-01-22 00:00,0.22080999757420666
2025-01-22 01:00,0.3056928854626955
2025-01-22 02:00,0.3613641911260434
2025-01-22 03:00,0.9809051242145532
2025-01-22 04:00,1.1322706541204985
2025-01-22 05:00,1.0301068753688165
2025-01-22 06:00,0.7587626608489584
2025-01-22 07:00,0.7760456209238645
2025-01-22 08:00,0.5380097088985137
2025-01-22 09:00,0.7899263040750729
2025-01-22 10:00,0.4925472707743505
2025-01-22 11:00,0.4176940336953521
2025-01-22 12:00,0.25203847979149635
2025-01-22 13:00,0.4235650974397548
2025-01-22 14:00,0.7305681505104503
2025-01-22 15:00,1.3304045290974658
2025-01-22 16:00,1.5744610226811775
2025-01-22 17:00,2.67701269693868
2025-01-22 18:00,2.218753209357092
2025-01-22 19:00,2.6187090692445287
2025-01-22 20:00,3.064530255140917
2025-01-22 21:00,1.9255429241946955
2025-01-22 22:00,1.5831762424674811
2025-01-22 23:00,1.2374768672837713
2025-01-23 00:00,0.5284008543696497
2025-01-23 01:00,0.5932988795001298
2025-01-23 02:00,0.8474765051001288
2025-01-23 03:00,1.9856914065158868
2025-01-23 04:00,2.250294237284733
2025-01-23 05:00,3.454553505323188
2025-01-23 06:00,3.405818099467123
2025-01-23 07:00,3.522076271767057
2025-01-23 08:00,3.2576945066161795
2025-01-23 09:00,2.2370642724441536
2025-01-23 10:00,2.6189768186863125
2025-01-23 11:00,3.9488392729955164
2025-01-23 12:00,3.888486993364999
2025-01-23 13:00,4.944095714794238
2025-01-23 14:00,6.324010702129869
2025-01-23 15:00,8.854980352566203
2025-01-23 16:00,10.81668418666991
2025-01-23 17:00,13.77726025315566
2025-01-23 18:00,13.045281556050343
2025-01-23 19:00,12.283962865515381
2025-01-23 20:00,11.081372474297446
2025-01-23 21:00,10.18012145639874
2025-01-23 22:00,8.903843580322452
2025-01-23 23:00,8.514100460410626
2025-01-24 00:00,9.065785756094105
2025-01-24 01:00,8.328022954832528
2025-01-24 02:00,9.367893497361655
2025-01-24 03:00,11.638354282572966
2025-01-24 04:00,13.20008304744329
2025-01-24 05:00,12.273945531946373
2025-01-24 06:00,10.587407707384017
2025-01-24 07:00,9.34749571733187
2025-01-24 08:00,9.158841794971813
2025-01-24 09:00,7.041601537162655
2025-01-24 10:00,7.9178192228471955
2025-01-24 11:00,9.026109559358538
2025-01-24 12:00,10.250317986524696
2025-01-24 13:00,13.609962997938192
2025-01-24 14:00,16.539798225511493
2025-01-24 15:00,20.539493535609914
2025-01-24 16:00,24.01928849246008
2025-01-24 17:00,22.987520147715564
2025-01-24 18:00,22.70896114067368
2025-01-24 19:00,22.963590825173043
2025-01-24 20:00,19.406100719392345
2025-01-24 21:00,17.662901415921606
2025-01-24 22:00,17.62212226714729
2025-01-24 23:00,16.86667957552174
2025-01-25 00:00,15.825759568319189
2025-01-25 01:00,15.947524183189046
2025-01-25 02:00,14.069107131530979
2025-01-25 03:00,12.71138221243989
2025-01-25 04:00,11.835483615980964
2025-01-25 05:00,10.869919263993312
2025-01-25 06:00,9.949201750517314
2025-01-25 07:00,10.652178513911664
2025-01-25 08:00,9.573670671339745
2025-01-25 09:00,8.571502097623668
2025-01-25 10:00,7.56714377291274
2025-01-25 11:00,6.203106964746983
2025-01-25 12:00,5.440435190757014
2025-01-25 13:00,4.961569133684275
2025-01-25 14:00,4.204411249726372
2025-01-25 15:00,6.467648928143044
2025-01-25 16:00,6.651354419323422
2025-01-25 17:00,10.055704792916805
2025-01-25 18:00,10.046836620695487
2025-01-25 19:00,8.41160346912813
2025-01-25 20:00,7.969249512608289
2025-01-25 21:00,7.3162917947608745
2025-01-25 22:00,4.425663138865506
2025-01-25 23:00,6.015034680892881
2025-01-26 00:00,5.738074281410114
2025-01-26 01:00,7.111688907203641
2025-01-26 02:00,5.9936285338910995
2025-01-26 03:00,6.101379340761445
2025-01-26 04:00,7.405696522627282
2025-01-26 05:00,6.999485808250156
2025-01-26 06:00,5.3397531773957
2025-01-26 07:00,5.280204605889324
2025-01-26 08:00,3.448875999952024
2025-01-26 09:00,1.647786031706707
2025-01-26 10:00,1.2789975440783288
2025-01-26 11:00,0.6657955018610173
2025-01-26 12:00,0.7142930271855537
2025-01-26 13:00,0.3798637317853385
2025-01-26 14:00,0.4252212722813809
2025-01-26 15:00,1.0567177823950358
2025-01-26 16:00,1.1814847920687317
2025-01-26 17:00,1.156057967545386
2025-01-26 18:00,1.320924544211749
2025-01-26 19:00,1.2685195972015642
2025-01-26 20:00,2.407985303431263
2025-01-26 21:00,2.002117502195
2025-01-26 22:00,5.526947833290164
2025-01-26 23:00,7.4489975031088145
2025-01-27 00:00,5.225188096091767
2025-01-27 01:00,8.009640045724375
2025-01-27 02:00,8.985884589312679
2025-01-27 03:00,15.930784971401774
2025-01-27 04:00,29.277561842798644
2025-01-27 05:00,36.0286696231792
2025-01-27 06:00,40.501711127681006
2025-01-27 07:00,46.44423960850605
2025-01-27 08:00,48.64411256959217
2025-01-27 09:00,50.389996918551546
2025-01-27 10:00,51.424707469145716
2025-01-27 11:00,51.20709157160718
2025-01-27 12:00,49.78070675105602
2025-01-27 13:00,45.933781506459646
2025-01-27 14:00,46.05096650244999
2025-01-27 15:00,49.679935116809446
2025-01-27 16:00,51.949767170351734
2025-01-27 17:00,51.75504633099003
2025-01-27 18:00,53.078738791746744
2025-01-27 19:00,52.59845299172231
2025-01-27 20:00,46.85102151644447
2025-01-27 21:00,53.36981932903895
2025-01-27 22:00,53.5692654262291
2025-01-27 23:00,56.83646181188108
2025-01-28 00:00,57.28936670257155
2025-01-28 01:00,55.46249692431334
2025-01-28 02:00,55.761697190789796
2025-01-28 03:00,53.52406187907465
2025-01-28 04:00,56.18704685011018
2025-01-28 05:00,55.394779250347156
2025-01-28 06:00,54.819344381916906
2025-01-28 07:00,54.12843616284376
2025-01-28 08:00,55.71711198722032
2025-01-28 09:00,54.258960224605744
2025-01-28 10:00,55.15811321146713
2025-01-28 11:00,55.454039877827576
2025-01-28 12:00,54.404035083611845
2025-01-28 13:00,53.73740464277821
2025-01-28 14:00,53.96741375661858
2025-01-28 15:00,54.2571674732492
2025-01-28 16:00,54.03237682555876
2025-01-28 17:00,55.96462990960971
2025-01-28 18:00,54.7039728009123
2025-01-28 19:00,53.39452803384148
2025-01-28 20:00,53.29692510420232
2025-01-28 21:00,53.93179807894394
2025-01-28 22:00,55.24468911511687
2025-01-28 23:00,55.50482289010594
2025-01-29 00:00,54.78781405126014
2025-01-29 01:00,53.02304035453888
2025-01-29 02:00,53.044466441508824
2025-01-29 03:00,52.70867503730214
2025-01-29 04:00,52.66606733097129
2025-01-29 05:00,52.87550926633139
2025-01-29 06:00,49.41589159684251
2025-01-29 07:00,46.505672925672236
2025-01-29 08:00,48.03970299268826
2025-01-29 09:00,49.65020148292845
2025-01-29 10:00,47.53425702102392
2025-01-29 11:00,50.132100645597326
2025-01-29 12:00,46.097163474749166
2025-01-29 13:00,45.363501544301364
2025-01-29 14:00,45.77485748549434
2025-01-29 15:00,44.55574702768874
2025-01-29 16:00,44.10405593649554
2025-01-29 17:00,46.31423444872294
2025-01-29 18:00,44.15316536212889
2025-01-29 19:00,42.2849638075186
2025-01-29 20:00,38.06545700036967
2025-01-29 21:00,34.129703260398855
2025-01-29 22:00,32.06021034939714
2025-01-29 23:00,27.488264797458818
2025-01-30 00:00,14.429169145164096
2025-01-30 01:00,12.428278750117965
2025-01-30 02:00,10.812645926840652
2025-01-30 03:00,9.58557757330687
2025-01-30 04:00,9.88347664828511
2025-01-30 05:00,7.006077857624833
2025-01-30 06:00,5.114850326023743
2025-01-30 07:00,3.141373519399588
2025-01-30 08:00,2.1720259522272833
2025-01-30 09:00,1.6536636802422962
2025-01-30 10:00,0.5256928420808591
2025-01-30 11:00,0.17711282575158296
2025-01-30 12:00,0.08843540082117404
2025-01-30 13:00,0.0007063219577960722
2025-01-30 14:00,0.01457665082504046
2025-01-30 15:00,0.6604413089463634
2025-01-30 16:00,1.1540693142449663
2025-01-30 17:00,2.2749803469425176
2025-01-30 18:00,2.538961366797492
2025-01-30 19:00,2.485786742331272
2025-01-30 20:00,2.5697666632267024
2025-01-30 21:00,2.614296524204628
2025-01-30 22:00,3.1141457367420102
2025-01-30 23:00,2.9833392056555508
2025-01-31 00:00,2.476561342358523
2025-01-31 01:00,2.318008429855995
2025-01-31 02:00,2.358031555865133
2025-01-31 03:00,2.5910198436183833
2025-01-31 04:00,2.1418723127504564
2025-01-31 05:00,2.6548322482604263
2025-01-31 06:00,2.6587510843154503
2025-01-31 07:00,2.9541074505923426
2025-01-31 08:00,3.438432616229949
2025-01-31 09:00,3.651069145134059
2025-01-31 10:00,4.109220636474872
2025-01-31 11:00,4.494258522944064
2025-01-31 12:00,4.657508491198266
2025-01-31 13:00,5.585551240740261
2025-01-31 14:00,4.458241221304388
2025-01-31 15:00,4.36408515385912
2025-01-31 16:00,4.777644516294964
2025-01-31 17:00,3.1381765913732305
2025-01-31 18:00,3.7674678114576974
2025-01-31 19:00,4.6031121882879065
2025-01-31 20:00,4.9977043160457075
2025-01-31 21:00,4.4220859465814835
2025-01-31 22:00,3.9955533350925876
2025-01-31 23:00,4.673331628957716
2025-02-01 00:00,3.093762004148406
2025-02-01 01:00,2.4426576757514114
2025-02-01 02:00,3.32772257148315
2025-02-01 03:00,5.916853973317211
2025-02-01 04:00,7.133951603010304
2025-02-01 05:00,9.447690948378975
2025-02-01 06:00,10.53366109814251
2025-02-01 07:00,13.436035657879106
2025-02-01 08:00,15.251917140075662
2025-02-01 09:00,13.626070544545843
2025-02-01 10:00,12.95969305377815
2025-02-01 11:00,11.743795453589433
2025-02-01 12:00,11.69178886223456
2025-02-01 13:00,11.914392026063782
2025-02-01 14:00,12.712872613650365
2025-02-01 15:00,13.53303896823088
2025-02-01 16:00,14.956278402500867
2025-02-01 17:00,14.016960426598295
2025-02-01 18:00,14.315762739197712
2025-02-01 19:00,16.795177595546058
2025-02-01 20:00,15.779704310997069
2025-02-01 21:00,14.474546413709593
2025-02-01 22:00,13.359011380329314
2025-02-01 23:00,12.199349887389346
2025-02-02 00:00,9.085396945530999
2025-02-02 01:00,6.180805708076749
2025-02-02 02:00,6.733912307273627
2025-02-02 03:00,8.057152029511778
2025-02-02 04:00,7.771493366000655
2025-02-02 05:00,10.199932270573743
2025-02-02 06:00,9.747956077046618
2025-02-02 07:00,9.674180875102989
2025-02-02 08:00,11.523979985114284
2025-02-02 09:00,9.512529299102278
2025-02-02 10:00,9.363805790654295
2025-02-02 11:00,8.319148633570483
2025-02-02 12:00,7.505498032458344
2025-02-02 13:00,6.10122392475858
2025-02-02 14:00,8.71084333078108
2025-02-02 15:00,10.825003637273054
2025-02-02 16:00,14.698355010524246
2025-02-02 17:00,20.890155489955795
2025-02-02 18:00,24.488396707638785
2025-02-02 19:00,27.3517705516713
2025-02-02 20:00,27.290927408741457
2025-02-02 21:00,29.097446548640306
2025-02-02 22:00,33.36842969175447
2025-02-02 23:00,42.04702521807114
2025-02-03 00:00,36.300937381052584
2025-02-03 01:00,45.703771965139815
2025-02-03 02:00,46.93394766400504
2025-02-03 03:00,51.022601431710314
2025-02-03 04:00,53.121624056214614
2025-02-03 05:00,54.18356232353929
2025-02-03 06:00,55.03488314271149
2025-02-03 07:00,54.664710400660574
2025-02-03 08:00,55.18643740966256
2025-02-03 09:00,53.96267075075146
2025-02-03 10:00,52.06092296357694
2025-02-03 11:00,51.401924528197675
2025-02-03 12:00,50.4425895775362
2025-02-03 13:00,50.363415096438075
2025-02-03 14:00,51.581534105570974
2025-02-03 15:00,51.64240954249002
2025-02-03 16:00,52.990092307505236
2025-02-03 17:00,53.55515885081968
2025-02-03 18:00,54.774439414888406
2025-02-03 19:00,55.61116121281698
2025-02-03 20:00,52.632900029201444
2025-02-03 21:00,55.324678731306705
2025-02-03 22:00,56.08067300971632
2025-02-03 23:00,55.5666476226508
2025-02-04 00:00,54.44166368305109
2025-02-04 01:00,53.90419477981905
2025-02-04 02:00,54.75451881078896
2025-02-04 03:00,55.0042968042528
2025-02-04 04:00,55.20410894219002
2025-02-04 05:00,55.24743784521675
2025-02-04 06:00,54.62177222273742
2025-02-04 07:00,54.3954810978617
2025-02-04 08:00,53.52653008175993
2025-02-04 09:00,52.80403794150727
2025-02-04 10:00,52.113873679439
2025-02-04 11:00,51.64020552597465
2025-02-04 12:00,51.53029707697347
2025-02-04 13:00,50.79188208514503
2025-02-04 14:00,50.83240455263825
2025-02-04 15:00,50.974998353641666
2025-02-04 16:00,51.912257881020956
2025-02-04 17:00,52.58166125756451
2025-02-04 18:00,52.50888117594249
2025-02-04 19:00,52.10794221219533
2025-02-04 20:00,51.34878993481052
2025-02-04 21:00,49.11834999515529
2025-02-04 22:00,52.17182413587108
2025-02-04 23:00,49.17550802125764
2025-02-05 00:00,46.30317049950463
2025-02-05 01:00,48.99058992421755
2025-02-05 02:00,48.61541815662604
2025-02-05 03:00,43.301239598649275
2025-02-05 04:00,46.48919615663162
2025-02-05 05:00,45.482290744874064
2025-02-05 06:00,40.767084076852115
2025-02-05 07:00,43.26748463502594
2025-02-05 08:00,37.88646062702308
2025-02-05 09:00,33.44921005042837
2025-02-05 10:00,33.81278503307211
2025-02-05 11:00,33.6558068089585
2025-02-05 12:00,33.24216765895861
2025-02-05 13:00,36.58299565501462
2025-02-05 14:00,39.83853299251451
2025-02-05 15:00,43.00875801987138
2025-02-05 16:00,44.883887301434605
2025-02-05 17:00,44.79421594469409
2025-02-05 18:00,48.75328073319609
2025-02-05 19:00,49.840843257642184
2025-02-05 20:00,47.064816679613074
2025-02-05 21:00,46.004021824906516
2025-02-05 22:00,48.02399738497997
2025-02-05 23:00,45.38102269864081
2025-02-06 00:00,39.48569526141398
2025-02-06 01:00,33.03911414815612
2025-02-06 02:00,35.07368270270618
2025-02-06 03:00,30.501925503850806
2025-02-06 04:00,23.11923357715638
2025-02-06 05:00,17.56383324474755
2025-02-06 06:00,15.563315988129514
2025-02-06 07:00,13.882898730518288
2025-02-06 08:00,11.552092771947427
2025-02-06 09:00,12.962555760563667
2025-02-06 10:00,12.692858585179213
2025-02-06 11:00,19.869516200202415
2025-02-06 12:00,22.09969730467151
2025-02-06 13:00,23.028283706773223
2025-02-06 14:00,26.302967149853508
2025-02-06 15:00,32.35176065316577
2025-02-06 16:00,25.76019253903476
2025-02-06 17:00,34.22249047570942
2025-02-06 18:00,34.949093019512425
2025-02-06 19:00,40.45093947020216
2025-02-06 20:00,40.63408456754041
2025-02-06 21:00,49.476225444151794
2025-02-06 22:00,49.941727939611596
2025-02-06 23:00,45.88555470158015
2025-02-07 00:00,27.816006836917655
2025-02-07 01:00,25.90451373793286
2025-02-07 02:00,27.260015672420774
2025-02-07 03:00,28.527349605847494
2025-02-07 04:00,31.913683815778697
2025-02-07 05:00,34.743532504604985
2025-02-07 06:00,41.49491637588814
2025-02-07 07:00,43.04606882166271
2025-02-07 08:00,48.28368001677699
2025-02-07 09:00,49.86007850365785
2025-02-07 10:00,51.73313703714018
2025-02-07 11:00,53.17392897680902
2025-02-07 12:00,53.59352727030698
2025-02-07 13:00,52.94011458468597
2025-02-07 14:00,52.895393456940766
2025-02-07 15:00,52.6945760327925
2025-02-07 16:00,54.58552305705117
2025-02-07 17:00,52.95063681570116
2025-02-07 18:00,54.44185247713898
2025-02-07 19:00,54.175266054082556
2025-02-07 20:00,54.30839544622567
2025-02-07 21:00,54.29212222334801
2025-02-07 22:00,53.833170291261226
2025-02-07 23:00,54.064035472288964
2025-02-08 00:00,53.11063677998004
2025-02-08 01:00,51.44597918830169
2025-02-08 02:00,51.28529615058306
2025-02-08 03:00,49.7102080282774
2025-02-08 04:00,48.879744509457126
2025-02-08 05:00,48.94695794333711
2025-02-08 06:00,47.55072825138533
2025-02-08 07:00,47.305214387373255
2025-02-08 08:00,46.25318227776252
2025-02-08 09:00,42.73471417785196
2025-02-08 10:00,44.66122605013076
2025-02-08 11:00,44.56558300067285
2025-02-08 12:00,44.07967901868849
2025-02-08 13:00,47.339640769639026
2025-02-08 14:00,45.64573509353702
2025-02-08 15:00,44.11794245229099
2025-02-08 16:00,41.73924839937617
2025-02-08 17:00,36.9599936765787
2025-02-08 18:00,33.36400681468101
2025-02-08 19:00,28.694518179705504
2025-02-08 20:00,23.832994363452492
2025-02-08 21:00,20.653533249036514
2025-02-08 22:00,16.30822043849776
2025-02-08 23:00,13.670978245067491
2025-02-09 00:00,12.248195362764573
2025-02-09 01:00,8.24715875459762
2025-02-09 02:00,8.031560858377652
2025-02-09 03:00,7.669644589999869
2025-02-09 04:00,8.355214632790716
2025-02-09 05:00,7.515387123889637
2025-02-09 06:00,6.597223262526684
2025-02-09 07:00,6.078807046056852
2025-02-09 08:00,4.819787010745498
2025-02-09 09:00,3.964722480764478
2025-02-09 10:00,2.365495537373974
2025-02-09 11:00,4.040674495619013
2025-02-09 12:00,5.913923288769627
2025-02-09 13:00,2.2971091723826857
2025-02-09 14:00,4.647325857900301
2025-02-09 15:00,11.069166581679763
2025-02-09 16:00,8.783056916789583
2025-02-09 17:00,14.524778106858822
2025-02-09 18:00,18.416781853037353
2025-02-09 19:00,16.1056903989294
2025-02-09 20:00,13.326889446635489
2025-02-09 21:00,12.323906323544897
2025-02-09 22:00,10.401927334092154
2025-02-09 23:00,10.779234359824068
2025-02-10 00:00,11.411163001772255
2025-02-10 01:00,9.714269528967566
2025-02-10 02:00,8.094942468988146
2025-02-10 03:00,7.728320682185483
2025-02-10 04:00,5.681236344908353
2025-02-10 05:00,4.151340099744073
2025-02-10 06:00,4.028192984443256
2025-02-10 07:00,3.9234140573268643
2025-02-10 08:00,3.363070513960407
2025-02-10 09:00,2.647646869676435
2025-02-10 10:00,2.0578511131700417
2025-02-10 11:00,3.2388436001978738
2025-02-10 12:00,2.328673832512319
2025-02-10 13:00,6.042189066390181
2025-02-10 14:00,6.4846461085985085
2025-02-10 15:00,6.434254490574216
2025-02-10 16:00,6.648214696327772
2025-02-10 17:00,6.09852461345569
2025-02-10 18:00,4.213918137250319
2025-02-10 19:00,2.5494486140105543
2025-02-10 20:00,1.3235192288313316
2025-02-10 21:00,0.9973715992542374
2025-02-10 22:00,0.42274172432296947
2025-02-10 23:00,0.41919516682487856
2025-02-11 00:00,0.557690414844629
2025-02-11 01:00,0.6513693079216825
2025-02-11 02:00,0.8390491215175458
2025-02-11 03:00,0.7073359091297172
2025-02-11 04:00,0.9139527293664877
2025-02-11 05:00,0.7980692504600325
2025-02-11 06:00,0.7349883993695745
2025-02-11 07:00,0.9382062146338257
2025-02-11 08:00,0.7815610798146027
2025-02-11 09:00,0.8872081170152707
2025-02-11 10:00,1.3260561211643094
2025-02-11 11:00,0.7487352716921072
2025-02-11 12:00,0.1882043762205535
2025-02-11 13:00,0.11160203558715771
2025-02-11 14:00,0.3480901185193208
2025-02-11 15:00,0.7095284978580261
2025-02-11 16:00,2.484680269590596
2025-02-11 17:00,3.2483243333861154
2025-02-11 18:00,7.496861174414841
2025-02-11 19:00,8.487955810378665
2025-02-11 20:00,6.766685515044015
2025-02-11 21:00,7.670004927213228
2025-02-11 22:00,7.397778387398471
2025-02-11 23:00,10.91534864809676
2025-02-12 00:00,4.4662359184469995
2025-02-12 01:00,3.5890379411480806
2025-02-12 02:00,5.960389037394961
2025-02-12 03:00,6.007496910459235
2025-02-12 04:00,7.797891555916078
2025-02-12 05:00,13.287766735350086
2025-02-12 06:00,18.17271329415275
2025-02-12 07:00,14.8127193429833
2025-02-12 08:00,16.53516657269925
2025-02-12 09:00,15.412352679724984
2025-02-12 10:00,14.986111512845383
2025-02-12 11:00,24.60017704364062
2025-02-12 12:00,31.733821735902467
2025-02-12 13:00,42.98093170787098
2025-02-12 14:00,46.81936869359618
2025-02-12 15:00,48.373245108006444
2025-02-12 16:00,52.80782871054788
2025-02-12 17:00,52.0037967411339
2025-02-12 18:00,51.48515040067433
2025-02-12 19:00,52.13622644747508
2025-02-12 20:00,52.68173864648915
2025-02-12 21:00,53.774579468794826
2025-02-12 22:00,54.35618737212141
2025-02-12 23:00,55.134929787063975
2025-02-13 00:00,55.106978144636315
2025-02-13 01:00,51.26595223638567
2025-02-13 02:00,47.58979515722341
2025-02-13 03:00,41.731443315385846
2025-02-13 04:00,30.50597790539443
2025-02-13 05:00,25.24253389724045
2025-02-13 06:00,18.752870556847565
2025-02-13 07:00,14.216489591330802
2025-02-13 08:00,7.97199716857172
2025-02-13 09:00,5.923239904239075
2025-02-13 10:00,5.072339859816668
2025-02-13 11:00,3.8149660898629216
2025-02-13 12:00,3.602450604734352
2025-02-13 13:00,5.678560701468711
2025-02-13 14:00,6.57986336986587
2025-02-13 15:00,9.392802384514694
2025-02-13 16:00,11.849456699477823
2025-02-13 17:00,9.952776329629009
2025-02-13 18:00,9.163134619660742
2025-02-13 19:00,6.5522862159004
2025-02-13 20:00,4.31075920636688
2025-02-13 21:00,5.018378354629856
2025-02-13 22:00,5.300714250053296
2025-02-13 23:00,3.4941847536646895
2025-02-14 00:00,6.4665985895653755
2025-02-14 01:00,5.264026849001452
2025-02-14 02:00,5.775760867710918
2025-02-14 03:00,5.345898182725158
2025-02-14 04:00,4.680513312183233
2025-02-14 05:00,3.6209407789293833
2025-02-14 06:00,1.7054823124503071
2025-02-14 07:00,1.5951903652177357
2025-02-14 08:00,1.8539653451009324
2025-02-14 09:00,0.9736606670320285
2025-02-14 10:00,0.2397548990856607
2025-02-14 11:00,0.8562503890003325
2025-02-14 12:00,0.7083728939359406
2025-02-14 13:00,1.0116834855773529
2025-02-14 14:00,1.2319538988375625
2025-02-14 15:00,1.7890956641226916
2025-02-14 16:00,1.5577736459623441
2025-02-14 17:00,0.5508123991070661
2025-02-14 18:00,0.10954827473015026
2025-02-14 19:00,0.051067003841747546
2025-02-14 20:00,0.06489589703618269
2025-02-14 21:00,0.09590355501824296
2025-02-14 22:00,0.21171045452060994
2025-02-14 23:00,0.5975578717400702
2025-02-15 00:00,0.3128408637418362
2025-02-15 01:00,0.35728356037877473
2025-02-15 02:00,0.8848572206106624
2025-02-15 03:00,1.0304973692449602
2025-02-15 04:00,1.042137745850541
2025-02-15 05:00,1.0909769558501519
2025-02-15 06:00,0.9154682213949099
2025-02-15 07:00,0.9440936431988528
2025-02-15 08:00,0.8473213235012016
2025-02-15 09:00,0.8943491783547987
2025-02-15 10:00,0.22034037729412131
2025-02-15 11:00,0.4372851074671464
2025-02-15 12:00,1.1920525005111644
2025-02-15 13:00,2.155963431451064
2025-02-15 14:00,1.6249494731173415
2025-02-15 15:00,0.8025723231442736
2025-02-15 16:00,0.8073700929786208
2025-02-15 17:00,0.32198171691360333
2025-02-15 18:00,0.23937883059680726
2025-02-15 19:00,0.2962514288652768
2025-02-15 20:00,0.39946076698062183
2025-02-15 21:00,0.7643657927456909
2025-02-15 22:00,0.8502361683191507
2025-02-15 23:00,0.46677551127043515
2025-02-16 00:00,0.27791158154863477
2025-02-16 01:00,0.09460725236420706
2025-02-16 02:00,0.15226137315235783
2025-02-16 03:00,0.14598490127057123
2025-02-16 04:00,0.14147144743465268
2025-02-16 05:00,0.4684385081439503
2025-02-16 06:00,0.3858587892131002
2025-02-16 07:00,0.6543221985588081
2025-02-16 08:00,1.141678121476641
2025-02-16 09:00,0.6259470883304583
2025-02-16 10:00,0.9297501437692068
2025-02-16 11:00,4.077429181495979
2025-02-16 12:00,5.483120823365219
2025-02-16 13:00,8.422450635745953
2025-02-16 14:00,15.377926210212866
2025-02-16 15:00,19.537076328189737
2025-02-16 16:00,21.61435855489922
2025-02-16 17:00,21.138884963768856
2025-02-16 18:00,25.48851067866958
2025-02-16 19:00,34.50544276780293
2025-02-16 20:00,38.59245169602914
2025-02-16 21:00,52.129984841585824
2025-02-16 22:00,53.24993437319219
2025-02-16 23:00,54.56367610849867
2025-02-17 00:00,55.17092084251113
2025-02-17 01:00,56.01990824687445
2025-02-17 02:00,54.50562568874669
2025-02-17 03:00,53.05045978330927
2025-02-17 04:00,50.619667874954104
2025-02-17 05:00,48.8226716949982
2025-02-17 06:00,49.49428621542295
2025-02-17 07:00,48.74056796231851
2025-02-17 08:00,48.12837317320282
2025-02-17 09:00,46.929658331037544
2025-02-17 10:00,46.13350671741681
2025-02-17 11:00,46.07811735211033
2025-02-17 12:00,44.399276681755524
2025-02-17 13:00,43.877935673015884
2025-02-17 14:00,44.82344640000248
2025-02-17 15:00,46.99794571117609
2025-02-17 16:00,46.56369687491387
2025-02-17 17:00,46.693761993875
2025-02-17 18:00,44.60027885003559
2025-02-17 19:00,44.637941771398445
2025-02-17 20:00,44.98219698073105
2025-02-17 21:00,43.760631276086364
2025-02-17 22:00,43.84846807404182
2025-02-17 23:00,45.33441536868182
2025-02-18 00:00,43.34942470106388
2025-02-18 01:00,43.562532844700094
2025-02-18 02:00,43.291086708541066
2025-02-18 03:00,43.523863504987744
2025-02-18 04:00,45.61230542447347
2025-02-18 05:00,46.837524259816234
2025-02-18 06:00,47.29398899123333
2025-02-18 07:00,45.302460670324535
2025-02-18 08:00,45.34316465147414
2025-02-18 09:00,40.976429367803085
2025-02-18 10:00,40.908787776880594
2025-02-18 11:00,40.31565821557996
2025-02-18 12:00,44.48158631061195
2025-02-18 13:00,43.49521039574356
2025-02-18 14:00,44.52786031509058
2025-02-18 15:00,45.285070165729515
2025-02-18 16:00,44.774394257481276
2025-02-18 17:00,46.51164203526541
2025-02-18 18:00,49.35916603310415
2025-02-18 19:00,49.804824070979365
2025-02-18 20:00,49.85396601605525
2025-02-18 21:00,52.56365783838737
2025-02-18 22:00,50.53954128676486
2025-02-18 23:00,50.45284898338251
2025-02-19 00:00,46.48937120160086
2025-02-19 01:00,42.391056142973994
2025-02-19 02:00,40.73222205336706
2025-02-19 03:00,40.760841664799216
2025-02-19 04:00,41.478824982463046
2025-02-19 05:00,45.25231248727112
2025-02-19 06:00,46.559011713612506
2025-02-19 07:00,47.37582832372919
2025-02-19 08:00,47.278803322747564
2025-02-19 09:00,45.774256176275955
2025-02-19 10:00,44.81508327251371
2025-02-19 11:00,43.938326025078936
2025-02-19 12:00,41.999264570611416
2025-02-19 13:00,41.88693755592071
2025-02-19 14:00,42.65575761472195
2025-02-19 15:00,41.17241472887328
2025-02-19 16:00,41.91908458894737
2025-02-19 17:00,40.73121845218441
2025-02-19 18:00,41.140570449861116
2025-02-19 19:00,40.20405765349557
2025-02-19 20:00,39.65670854236358
2025-02-19 21:00,37.395777115140774
2025-02-19 22:00,35.11509613459627
2025-02-19 23:00,36.308652096804764
2025-02-20 00:00,33.64772933694647
2025-02-20 01:00,30.69290868293608
2025-02-20 02:00,29.44121761436147
2025-02-20 03:00,26.3656923698601
2025-02-20 04:00,23.815238809979682
2025-02-20 05:00,20.458587279750034
2025-02-20 06:00,22.335324014068057
2025-02-20 07:00,21.394497340973093
2025-02-20 08:00,20.120635780979008
2025-02-20 09:00,26.24268497404723
2025-02-20 10:00,26.033317957893516
2025-02-20 11:00,31.715023794681045
2025-02-20 12:00,32.66605619247467
2025-02-20 13:00,36.58493371225778
2025-02-20 14:00,39.24652951765225
2025-02-20 15:00,40.170810561684306
2025-02-20 16:00,40.50675244654731
2025-02-20 17:00,41.42098827609185
2025-02-20 18:00,41.660636669519484
2025-02-20 19:00,45.081252186713066
2025-02-20 20:00,47.40739157401083
2025-02-20 21:00,44.911670718785366
2025-02-20 22:00,44.042240891110424
2025-02-20 23:00,43.30560329790112
2025-02-21 00:00,43.54959429578827
2025-02-21 01:00,42.69588387381766
2025-02-21 02:00,37.300649075645744
2025-02-21 03:00,34.79453448962618
2025-02-21 04:00,31.27820886633806
2025-02-21 05:00,27.354859716314497
2025-02-21 06:00,24.55707801383847
2025-02-21 07:00,24.303736698650432
2025-02-21 08:00,21.094064509969705
2025-02-21 09:00,21.924752368403702
2025-02-21 10:00,22.669327795672064
2025-02-21 11:00,25.609658155246173
2025-02-21 12:00,29.039026564760896
2025-02-21 13:00,32.286997660267716
2025-02-21 14:00,35.720107946395764
2025-02-21 15:00,40.29391998801413
2025-02-21 16:00,40.06685682483045
2025-02-21 17:00,38.13062428493929
2025-02-21 18:00,39.052430369202824
2025-02-21 19:00,38.77978598931084
2025-02-21 20:00,35.704711548595505
2025-02-21 21:00,34.45371699273165
2025-02-21 22:00,34.505814072431555
2025-02-21 23:00,33.19085139448628
2025-02-22 00:00,32.460357686848155
2025-02-22 01:00,33.12075467053722
2025-02-22 02:00,32.16263958027314
2025-02-22 03:00,38.83165913248587
2025-02-22 04:00,46.92103371004247
2025-02-22 05:00,48.46320481263334
2025-02-22 06:00,48.559765971562925
2025-02-22 07:00,44.68738317187663
2025-02-22 08:00,38.920048337440875
2025-02-22 09:00,35.6428810537616
2025-02-22 10:00,27.937412592666313
2025-02-22 11:00,24.99136450598473
2025-02-22 12:00,27.05137925251759
2025-02-22 13:00,30.484431270682272
2025-02-22 14:00,32.786402323655494
2025-02-22 15:00,35.5145642373142
2025-02-22 16:00,33.57128881034532
2025-02-22 17:00,33.62441041245776
2025-02-22 18:00,36.55304814935383
2025-02-22 19:00,35.19606360870791
2025-02-22 20:00,34.75036152546741
2025-02-22 21:00,35.994235075868275
2025-02-22 22:00,35.728739309010564
2025-02-22 23:00,37.44180486764763
2025-02-23 00:00,35.0477075452231
2025-02-23 01:00,31.03840059110333
2025-02-23 02:00,31.43433231003489
2025-02-23 03:00,30.25704419548095
2025-02-23 04:00,31.130939649191433
2025-02-23 05:00,31.273709021031287
2025-02-23 06:00,34.08552256150024
2025-02-23 07:00,39.95012101908252
2025-02-23 08:00,42.168475870486596
2025-02-23 09:00,43.68789475392258
2025-02-23 10:00,41.61775237921107
2025-02-23 11:00,43.2832710953278
2025-02-23 12:00,41.09924794339591
2025-02-23 13:00,44.782416212006964
2025-02-23 14:00,45.1896405450737
2025-02-23 15:00,47.46367209725753
2025-02-23 16:00,48.49216504621768
2025-02-23 17:00,48.31059008395145
2025-02-23 18:00,49.16192180760288
2025-02-23 19:00,49.8035584882305
2025-02-23 20:00,49.00549591091508
2025-02-23 21:00,46.56099364630027
2025-02-23 22:00,47.49418706716273
2025-02-23 23:00,46.7560462265319
2025-02-24 00:00,47.33656844791402
2025-02-24 01:00,46.927484273599916
2025-02-24 02:00,42.11420134970607
2025-02-24 03:00,40.02885583163257
2025-02-24 04:00,40.43540743923528
2025-02-24 05:00,35.32660210996335
2025-02-24 06:00,30.188463882308422
2025-02-24 07:00,24.382830460614944
2025-02-24 08:00,25.544241959508994
2025-02-24 09:00,21.607507324661306
2025-02-24 10:00,20.736345243967786
2025-02-24 11:00,19.546857695793044
2025-02-24 12:00,21.0535448956052
2025-02-24 13:00,20.54177590159742
2025-02-24 14:00,21.556981110052046
2025-02-24 15:00,23.562630399271583
2025-02-24 16:00,23.329872545385467
2025-02-24 17:00,20.342694688110235
2025-02-24 18:00,20.443415141955235
2025-02-24 19:00,14.113134915674587
2025-02-24 20:00,10.447344381039642
2025-02-24 21:00,3.4235999328751174
2025-02-24 22:00,1.6783045796707068
2025-02-24 23:00,0.8597509952310776
2025-02-25 00:00,0.3213783558601051
2025-02-25 01:00,0.6379605920499066
2025-02-25 02:00,0.7914507091742133
2025-02-25 03:00,0.5243928068272949
2025-02-25 04:00,0.7419000506208113
2025-02-25 05:00,0.6785000849969662
2025-02-25 06:00,0.7791138566504587
2025-02-25 07:00,1.0918284962987037
2025-02-25 08:00,1.6568010117330605
2025-02-25 09:00,1.4832399393534015
2025-02-25 10:00,2.6484477533691706
2025-02-25 11:00,3.973407495011419
2025-02-25 12:00,4.917559331301556
2025-02-25 13:00,6.299330279026673
2025-02-25 14:00,8.703633665946995
2025-02-25 15:00,10.478949500343033
2025-02-25 16:00,12.867785849190495
2025-02-25 17:00,14.417156200702808
2025-02-25 18:00,11.822960964469065
2025-02-25 19:00,14.020916245433224
2025-02-25 20:00,12.541916205106382
2025-02-25 21:00,16.034898980419193
2025-02-25 22:00,14.265275716090084
2025-02-25 23:00,19.996562089670302
2025-02-26 00:00,18.6777116394529
2025-02-26 01:00,20.668760200925185
2025-02-26 02:00,19.967168380996043
2025-02-26 03:00,23.23248966835266
2025-02-26 04:00,21.01752722912087
2025-02-26 05:00,18.16158550407213
2025-02-26 06:00,17.71997982434266
2025-02-26 07:00,15.486491348819278
2025-02-26 08:00,11.046290392150404
2025-02-26 09:00,6.851731616515496
2025-02-26 10:00,4.873598966261462
2025-02-26 11:00,4.370397362766422
2025-02-26 12:00,4.588537608572728
2025-02-26 13:00,5.1846145671897546
2025-02-26 14:00,4.42996691523652
2025-02-26 15:00,2.9877945042044196
2025-02-26 16:00,1.6656820673575354
2025-02-26 17:00,1.0162082691651173
2025-02-26 18:00,0.6389150985888276
2025-02-26 19:00,0.23709318072344043
2025-02-26 20:00,0.08219154550201427
2025-02-26 21:00,0.12530636755351948
2025-02-26 22:00,0.7174605507105805
2025-02-26 23:00,0.884710072668457
2025-02-27 00:00,0.07293720628093327
2025-02-27 01:00,0.20712966952797376
2025-02-27 02:00,0.16713173062234363
2025-02-27 03:00,0.24977103769564174
2025-02-27 04:00,0.18821185880161623
2025-02-27 05:00,0.19299244141000577
2025-02-27 06:00,0.8797391160970821
2025-02-27 07:00,0.600678965235431
2025-02-27 08:00,0.6366549377349292
2025-02-27 09:00,0.6333243423205462
2025-02-27 10:00,0.9881945643095538
2025-02-27 11:00,2.140457175313912
2025-02-27 12:00,3.6039685371451204
2025-02-27 13:00,4.934674010593721
2025-02-27 14:00,6.3070351523365655
2025-02-27 15:00,7.111215039681889
2025-02-27 16:00,6.971768083551543
2025-02-27 17:00,4.9522135797304
2025-02-27 18:00,5.102737566288298
2025-02-27 19:00,3.9233979011315547
2025-02-27 20:00,3.4533787961353033
2025-02-27 21:00,3.1579260851627318
2025-02-27 22:00,4.063164422621398
2025-02-27 23:00,2.605378230693855
2025-02-28 00:00,1.190924664767492
2025-02-28 01:00,0.7208132126844644
2025-02-28 02:00,0.837551712165975
2025-02-28 03:00,0.6357411125095721
2025-02-28 04:00,0.9585308702101007
2025-02-28 05:00,0.8972548306801544
2025-02-28 06:00,1.3188533297688547
2025-02-28 07:00,0.986915874019691
2025-02-28 08:00,0.8114577790358344
2025-02-28 09:00,0.9544376142604638
2025-02-28 10:00,0.5252242137197373
2025-02-28 11:00,0.20517140832076947
2025-02-28 12:00,0.08376992383976231
2025-02-28 13:00,0.14886186990871111
2025-02-28 14:00,0.3540470645488789
2025-02-28 15:00,0.6346234395020084
2025-02-28 16:00,0.722530299250187
2025-02-28 17:00,1.386436753731463
2025-02-28 18:00,0.9406937038772827
2025-02-28 19:00,0.4910416081339829
2025-02-28 20:00,0.17236343423584147
2025-02-28 21:00,0.11919492139301427
2025-02-28 22:00,0.11390540006868732
2025-02-28 23:00,0.31097382156181463
2025-03-01 00:00,0.1256239642624094
2025-03-01 01:00,0.47087069522008546
2025-03-01 02:00,0.534516192596304
2025-03-01 03:00,1.211062309056241
2025-03-01 04:00,1.113612648031732
2025-03-01 05:00,1.4305643525407432
2025-03-01 06:00,1.8248381616218543
2025-03-01 07:00,2.1395579866604764
2025-03-01 08:00,2.1917920831879667
2025-03-01 09:00,1.7053281947187684
2025-03-01 10:00,1.4320708672973361
2025-03-01 11:00,1.1313203456826577
2025-03-01 12:00,1.670451910640343
2025-03-01 13:00,2.220255711992484
2025-03-01 14:00,4.111676546306796
2025-03-01 15:00,8.623565098026628
2025-03-01 16:00,6.779787174445736
2025-03-01 17:00,7.148452367934629
2025-03-01 18:00,10.618133301319377
2025-03-01 19:00,11.48503070340722
2025-03-01 20:00,17.740193189900385
2025-03-01 21:00,18.067194431453167
2025-03-01 22:00,16.409106257974187
2025-03-01 23:00,14.151900928825896
2025-03-02 00:00,6.74529740628963
2025-03-02 01:00,6.317022060622326
2025-03-02 02:00,6.226539323894298
2025-03-02 03:00,5.575289077450261
2025-03-02 04:00,3.1627395115559382
2025-03-02 05:00,4.303230820512532
2025-03-02 06:00,4.348480890635077
2025-03-02 07:00,4.491863424319894
2025-03-02 08:00,4.395723301134576
2025-03-02 09:00,3.796686116236053
2025-03-02 10:00,4.150219211723773
2025-03-02 11:00,6.537105256733124
2025-03-02 12:00,11.119353634622698
2025-03-02 13:00,13.070550968500271
2025-03-02 14:00,12.229615396140652
2025-03-02 15:00,18.488917847230027
2025-03-02 16:00,16.182345153725596
2025-03-02 17:00,20.60520638143898
2025-03-02 18:00,27.877515248469983
2025-03-02 19:00,33.745868553334354
2025-03-02 20:00,39.56258641901617
2025-03-02 21:00,49.01180662573418
2025-03-02 22:00,47.73477250253141
2025-03-02 23:00,53.24652432420808
2025-03-03 00:00,52.410385344422394
2025-03-03 01:00,52.140353483863365
2025-03-03 02:00,49.58356436402643
2025-03-03 03:00,44.91112428502945
2025-03-03 04:00,39.10328365742004
2025-03-03 05:00,39.350772696034646
2025-03-03 06:00,41.758599998882744
2025-03-03 07:00,44.32980651517702
2025-03-03 08:00,40.02999551987376
2025-03-03 09:00,38.509935275497504
2025-03-03 10:00,25.98493173758795
2025-03-03 11:00,22.452301911036464
2025-03-03 12:00,22.37608042598939
2025-03-03 13:00,26.190184902760457
2025-03-03 14:00,26.775269871048536
2025-03-03 15:00,22.561297778030028
2025-03-03 16:00,23.41413280602352
2025-03-03 17:00,25.415883872613005
2025-03-03 18:00,20.921009731034538
2025-03-03 19:00,25.67757086034664
2025-03-03 20:00,25.800332000694684
2025-03-03 21:00,25.683135963496632
2025-03-03 22:00,25.607920336158994
2025-03-03 23:00,27.716515932152618
2025-03-04 00:00,29.654763438969372
2025-03-04 01:00,31.97215295622869
2025-03-04 02:00,30.81633959663304
2025-03-04 03:00,34.061422440367735
2025-03-04 04:00,26.277671953784587
2025-03-04 05:00,28.191456606917335
2025-03-04 06:00,25.824343945489204
2025-03-04 07:00,21.613637377733514
2025-03-04 08:00,29.492049037610023
2025-03-04 09:00,36.11968602661359
2025-03-04 10:00,29.01397823538943
2025-03-04 11:00,28.475623976167554
2025-03-04 12:00,30.475011346267117
2025-03-04 13:00,30.154075568086334
2025-03-04 14:00,26.364456945807504
2025-03-04 15:00,19.30847911144408
2025-03-04 16:00,23.550859954077502
2025-03-04 17:00,21.719368120355853
2025-03-04 18:00,17.014605690107377
2025-03-04 19:00,19.206508783709204
2025-03-04 20:00,16.4316270571855
2025-03-04 21:00,9.883043890252617
2025-03-04 22:00,6.4914255206340385
2025-03-04 23:00,5.205977825985402
2025-03-05 00:00,4.8421017938678865
2025-03-05 01:00,4.147813239627032
2025-03-05 02:00,4.211542518438296
2025-03-05 03:00,3.796726234248234
2025-03-05 04:00,5.365040770409557
2025-03-05 05:00,5.829879460907727
2025-03-05 06:00,5.21447027438664
2025-03-05 07:00,2.980012657327557
2025-03-05 08:00,2.766935788758443
2025-03-05 09:00,2.1280084429583552
2025-03-05 10:00,4.0517359999028155
2025-03-05 11:00,3.561909813246669
2025-03-05 12:00,4.014386900716714
2025-03-05 13:00,6.4764215238474385
2025-03-05 14:00,10.304895453875892
2025-03-05 15:00,13.114989181854352
2025-03-05 16:00,17.501923768787446
2025-03-05 17:00,21.597965725545258
2025-03-05 18:00,23.82404684294447
2025-03-05 19:00,28.717245339758588
2025-03-05 20:00,26.867483195278478
2025-03-05 21:00,29.47314591941268
2025-03-05 22:00,33.25055430817836
2025-03-05 23:00,32.10777460156126
2025-03-06 00:00,25.055886566959206
2025-03-06 01:00,26.398514060874234
2025-03-06 02:00,26.28860619889319
2025-03-06 03:00,23.7312308971229
2025-03-06 04:00,20.342268147760034
2025-03-06 05:00,16.555063815767358
2025-03-06 06:00,15.054849925540605
2025-03-06 07:00,14.279138498832502
2025-03-06 08:00,14.960054279431812
2025-03-06 09:00,14.015053698109629
2025-03-06 10:00,14.929872832256404
2025-03-06 11:00,13.96774710894707
2025-03-06 12:00,22.727585261454102
2025-03-06 13:00,24.732288576533072
2025-03-06 14:00,29.88308713668262
2025-03-06 15:00,36.23063298557631
2025-03-06 16:00,37.458246453934514
2025-03-06 17:00,35.39917768628108
2025-03-06 18:00,31.15600226819777
2025-03-06 19:00,29.21715808027004
2025-03-06 20:00,24.40377540075658
2025-03-06 21:00,19.070793588366662
2025-03-06 22:00,14.400645807366145
2025-03-06 23:00,11.483790162476499
2025-03-07 00:00,5.794030466144584
2025-03-07 01:00,4.78819069649058
2025-03-07 02:00,4.540875727672864
2025-03-07 03:00,2.8294112479269566
2025-03-07 04:00,2.8941377905286645
2025-03-07 05:00,3.100944718957841
2025-03-07 06:00,2.1516264931194944
2025-03-07 07:00,1.2397988901539536
2025-03-07 08:00,0.28791434079893585
2025-03-07 09:00,6.52163242402408e-05
2025-03-07 10:00,0.0
2025-03-07 11:00,0.0
2025-03-07 12:00,0.0002509655028974797
2025-03-07 13:00,0.1569343282032814
2025-03-07 14:00,1.0021787710324577
2025-03-07 15:00,2.265266667877903
2025-03-07 16:00,3.9893158184077313
2025-03-07 17:00,3.6602084630297065
2025-03-07 18:00,2.360938184726013
2025-03-07 19:00,1.4288997234529888
2025-03-07 20:00,0.7287489029429974
2025-03-07 21:00,0.1641973902294233
2025-03-07 22:00,0.06848311923195742
2025-03-07 23:00,0.0
2025-03-08 00:00,0.0023671531405089295
2025-03-08 01:00,0.05953747958920973
2025-03-08 02:00,0.0004694736353704749
2025-03-08 03:00,0.010658914393779683
2025-03-08 04:00,0.12102779519382782
2025-03-08 05:00,0.31419259847963205
2025-03-08 06:00,0.31637480641853855
2025-03-08 07:00,0.8795142809090811
2025-03-08 08:00,0.8089987297497319
2025-03-08 09:00,0.30962593030489277
2025-03-08 10:00,0.24825189819393662
2025-03-08 11:00,0.414492499675882
2025-03-08 12:00,0.5527134281566702
2025-03-08 13:00,0.8018563081067493
2025-03-08 14:00,2.581606920426152
2025-03-08 15:00,3.690096536768386
2025-03-08 16:00,4.526095018683936
2025-03-08 17:00,3.5830457161840963
2025-03-08 18:00,2.871471810851867
2025-03-08 19:00,1.580011795997398
2025-03-08 20:00,0.4587658548267676
2025-03-08 21:00,0.28443339213453755
2025-03-08 22:00,0.23644346519526108
2025-03-08 23:00,0.12986779179159458
2025-03-09 00:00,0.3966853036189153
2025-03-09 01:00,0.7826872339921526
2025-03-09 02:00,0.9276610093518026
2025-03-09 03:00,0.7911409718570979
2025-03-09 04:00,0.47896742558082084
2025-03-09 05:00,0.2746604817314745
2025-03-09 06:00,0.3074074124869887
2025-03-09 07:00,0.5671386356406563
2025-03-09 08:00,0.4651278408924018
2025-03-09 09:00,0.43002381601334183
2025-03-09 10:00,0.5274998852260256
2025-03-09 11:00,1.4867997478567643
2025-03-09 12:00,2.5747081519103734
2025-03-09 13:00,4.254272421174939
2025-03-09 14:00,6.084829524071405
2025-03-09 15:00,6.146516785822941
2025-03-09 16:00,6.642240439464436
2025-03-09 17:00,6.438208443617508
2025-03-09 18:00,5.428915584047759
2025-03-09 19:00,4.032046553941382
2025-03-09 20:00,2.122403589946993
2025-03-09 21:00,0.7971878725098784
2025-03-09 22:00,0.524340079293365
2025-03-09 23:00,0.33187994854833247
2025-03-10 00:00,0.5096583986570873
2025-03-10 01:00,0.669182869974016
2025-03-10 02:00,0.3948504372998988
2025-03-10 03:00,0.12537528576262383
2025-03-10 04:00,0.650894904844339
2025-03-10 05:00,1.4137685586135984
2025-03-10 06:00,1.2713735272243551
2025-03-10 07:00,1.7430137748945786
2025-03-10 08:00,1.6175832693628722
2025-03-10 09:00,1.2190328451806813
2025-03-10 10:00,0.9137864647075152
2025-03-10 11:00,1.2563716825550744
2025-03-10 12:00,1.9273724521871975
2025-03-10 13:00,1.3764623824435653
2025-03-10 14:00,1.5583508154506929
2025-03-10 15:00,1.8129807880108384
2025-03-10 16:00,2.4836550390930547
2025-03-10 17:00,2.3625635443226485
2025-03-10 18:00,1.2842864577227857
2025-03-10 19:00,0.7366410749125955
2025-03-10 20:00,0.26636956421577895
2025-03-10 21:00,0.24611473288618296
2025-03-10 22:00,0.22034185208707865
2025-03-10 23:00,0.42141215369203716
2025-03-11 00:00,0.19986307969931635
2025-03-11 01:00,0.4434538051114653
2025-03-11 02:00,0.7421623405869858
2025-03-11 03:00,0.8851349098651297
2025-03-11 04:00,1.6041917148573976
2025-03-11 05:00,2.1511922345278753
2025-03-11 06:00,2.9679445902988766
2025-03-11 07:00,2.37546386540828
2025-03-11 08:00,1.2727733194474535
2025-03-11 09:00,0.45876621874378354
2025-03-11 10:00,0.28547892317431844
2025-03-11 11:00,0.25318701417422707
2025-03-11 12:00,0.2729612777628955
2025-03-11 13:00,0.006274035307697275
2025-03-11 14:00,0.2708639180779958
2025-03-11 15:00,0.20348967963789233
2025-03-11 16:00,0.9287168596435478
2025-03-11 17:00,1.4675473654849376
2025-03-11 18:00,1.8143499340954068
2025-03-11 19:00,1.6578776836340037
2025-03-11 20:00,0.7966618873802764
2025-03-11 21:00,0.5403826780475135
2025-03-11 22:00,0.635578192960974
2025-03-11 23:00,0.4798868560027022
2025-03-12 00:00,0.2805447244208368
2025-03-12 01:00,0.6429709856244064
2025-03-12 02:00,0.794931057719855
2025-03-12 03:00,1.445931321553716
2025-03-12 04:00,1.8038962799625495
2025-03-12 05:00,1.8847493408237552
2025-03-12 06:00,0.6915109704601397
2025-03-12 07:00,0.7855570229522881
2025-03-12 08:00,1.8516482469478976
2025-03-12 09:00,1.6647463430035663
2025-03-12 10:00,1.1477695779533974
2025-03-12 11:00,0.5981079905963166
2025-03-12 12:00,1.4816300210056876
2025-03-12 13:00,3.0743436496766865
2025-03-12 14:00,1.7135328721817977
2025-03-12 15:00,1.1190159420707664
2025-03-12 16:00,0.9331694935895043
2025-03-12 17:00,2.5400406207277255
2025-03-12 18:00,1.017535046028304
2025-03-12 19:00,2.573989111168128
2025-03-12 20:00,6.603555731824693
2025-03-12 21:00,6.822336430604546
2025-03-12 22:00,7.9043642739863795
2025-03-12 23:00,10.324542831139139
2025-03-13 00:00,10.188776750872272
2025-03-13 01:00,11.459661771136211
2025-03-13 02:00,8.711079057095649
2025-03-13 03:00,8.269263077888112
2025-03-13 04:00,7.482779629338221
2025-03-13 05:00,8.895183886619451
2025-03-13 06:00,8.971258343919963
2025-03-13 07:00,8.843744525153621
2025-03-13 08:00,9.446072713551706
2025-03-13 09:00,10.510417315264137
2025-03-13 10:00,14.186876127577372
2025-03-13 11:00,18.2114060490087
2025-03-13 12:00,18.672326224392023
2025-03-13 13:00,23.94953341495305
2025-03-13 14:00,26.489854046855495
2025-03-13 15:00,26.632732404862466
2025-03-13 16:00,28.707349249567024
2025-03-13 17:00,30.769063099616766
2025-03-13 18:00,29.75095216937764
2025-03-13 19:00,27.98830768752501
2025-03-13 20:00,23.22309638329198
2025-03-13 21:00,18.20059054121073
2025-03-13 22:00,17.54348115021447
2025-03-13 23:00,14.368468145489295
2025-03-14 00:00,5.034492197836264
2025-03-14 01:00,5.747611745011876
2025-03-14 02:00,6.540002243943493
2025-03-14 03:00,7.357233496561388
2025-03-14 04:00,7.629533635536015
2025-03-14 05:00,7.638816924947477
2025-03-14 06:00,7.8887684369135105
2025-03-14 07:00,6.7769868537306435
2025-03-14 08:00,7.067950768835438
2025-03-14 09:00,4.161696365229771
2025-03-14 10:00,5.281288497169287
2025-03-14 11:00,5.371881023136375
2025-03-14 12:00,4.074031648336142
2025-03-14 13:00,3.2275593730712493
2025-03-14 14:00,3.258627390692328
2025-03-14 15:00,5.343456528916844
2025-03-14 16:00,5.8274683914478
2025-03-14 17:00,6.163460637800869
2025-03-14 18:00,4.561123909757425
2025-03-14 19:00,3.0008274333954787
2025-03-14 20:00,5.143971848324757
2025-03-14 21:00,4.078804368391161
2025-03-14 22:00,4.469939165390194
2025-03-14 23:00,3.8850459243638307
2025-03-15 00:00,9.054970243289418
2025-03-15 01:00,4.997828607407589
2025-03-15 02:00,4.291696762349891
2025-03-15 03:00,5.322872787333138
2025-03-15 04:00,5.118375086928282
2025-03-15 05:00,5.519108249092756
2025-03-15 06:00,5.397043906660078
2025-03-15 07:00,7.280207311407364
2025-03-15 08:00,8.28424486125024
2025-03-15 09:00,14.168179114675048
2025-03-15 10:00,12.254511292592529
2025-03-15 11:00,12.019974184471248
2025-03-15 12:00,15.668758745203428
2025-03-15 13:00,12.227446609410766
2025-03-15 14:00,10.591296164078122
2025-03-15 15:00,7.927575846539305
2025-03-15 16:00,6.351673141547951
2025-03-15 17:00,4.482285073779164
2025-03-15 18:00,4.847949409526026
2025-03-15 19:00,2.8656527029441192
2025-03-15 20:00,1.3320669986026807
2025-03-15 21:00,2.2464187531346815
2025-03-15 22:00,4.504287888671215
2025-03-15 23:00,6.078334563472741
2025-03-16 00:00,7.85422443679842
2025-03-16 01:00,9.776122291352976
2025-03-16 02:00,10.443733099612395
2025-03-16 03:00,14.878684808238345
2025-03-16 04:00,17.85511696783995
2025-03-16 05:00,19.443945247953742
2025-03-16 06:00,22.027837559517078
2025-03-16 07:00,23.471007141483472
2025-03-16 08:00,30.81301801849426
2025-03-16 09:00,35.027299707757265
2025-03-16 10:00,39.273040477379645
2025-03-16 11:00,46.29064700547687
2025-03-16 12:00,49.680725480595825
2025-03-16 13:00,52.9463495217821
2025-03-16 14:00,57.16492080316714
2025-03-16 15:00,58.55926566682759
2025-03-16 16:00,56.91218700998007
2025-03-16 17:00,58.162073766828115
2025-03-16 18:00,56.91635292310602
2025-03-16 19:00,56.15823907385827
2025-03-16 20:00,57.39272827973326
2025-03-16 21:00,57.394579045691096
2025-03-16 22:00,57.60343146761511
2025-03-16 23:00,57.494201197321715
2025-03-17 00:00,55.52325127438685
2025-03-17 01:00,55.97814531161414
2025-03-17 02:00,56.74387897804452
2025-03-17 03:00,55.3161229969071
2025-03-17 04:00,54.827370385000805
2025-03-17 05:00,51.546610474295655
2025-03-17 06:00,46.91983929400581
2025-03-17 07:00,43.01927053948232
2025-03-17 08:00,43.192506080165735
2025-03-17 09:00,42.57765003691855
2025-03-17 10:00,39.28113196040525
2025-03-17 11:00,34.71283581973757
2025-03-17 12:00,32.39032205041816
2025-03-17 13:00,28.768068690482828
2025-03-17 14:00,23.9357545105222
2025-03-17 15:00,19.117866977034772
2025-03-17 16:00,12.776568693558838
2025-03-17 17:00,11.368837631459433
2025-03-17 18:00,7.079968920456312
2025-03-17 19:00,7.811263148440396
2025-03-17 20:00,11.552753780688201
2025-03-17 21:00,16.527789630875276
2025-03-17 22:00,22.17989413613982
2025-03-17 23:00,32.902232510577726
2025-03-18 00:00,37.64941235988306
2025-03-18 01:00,44.93275512332703
2025-03-18 02:00,37.84264000818268
2025-03-18 03:00,51.20273892356773
2025-03-18 04:00,53.94243396008869
2025-03-18 05:00,56.05937715127928
2025-03-18 06:00,52.53633794958265
2025-03-18 07:00,51.30447574611269
2025-03-18 08:00,55.95029797010841
2025-03-18 09:00,56.68098685243004
2025-03-18 10:00,55.630449685733765
2025-03-18 11:00,56.05402814787468
2025-03-18 12:00,56.204153833668
2025-03-18 13:00,54.50447801706295
2025-03-18 14:00,54.496821084611504
2025-03-18 15:00,54.51343351008345
2025-03-18 16:00,55.13660124835472
2025-03-18 17:00,55.594616464841394
2025-03-18 18:00,54.65507938948082
2025-03-18 19:00,55.26762973451406
2025-03-18 20:00,54.468345427472464
2025-03-18 21:00,52.87713249584745
2025-03-18 22:00,53.38260782662918
2025-03-18 23:00,46.84161972219672
2025-03-19 00:00,40.346374515048225
2025-03-19 01:00,40.91636350968457
2025-03-19 02:00,34.26522434090488
2025-03-19 03:00,29.462772276391195
2025-03-19 04:00,23.39822406871909
2025-03-19 05:00,20.894273600911916
2025-03-19 06:00,15.148711174057475
2025-03-19 07:00,11.012598167049816
2025-03-19 08:00,6.78229151168996
2025-03-19 09:00,4.634350340103828
2025-03-19 10:00,6.221065847342853
2025-03-19 11:00,8.497385815105421
2025-03-19 12:00,8.148354206980551
2025-03-19 13:00,9.008161111147448
2025-03-19 14:00,11.680856712459821
2025-03-19 15:00,12.713281944588179
2025-03-19 16:00,13.717138328103927
2025-03-19 17:00,12.562511619492865
2025-03-19 18:00,9.076756563626168
2025-03-19 19:00,5.042499121536311
2025-03-19 20:00,3.2148654068544817
2025-03-19 21:00,2.4644524289324288
2025-03-19 22:00,4.249360525634572
2025-03-19 23:00,5.8709149112538626
2025-03-20 00:00,7.163151931908717
2025-03-20 01:00,9.370227698572936
2025-03-20 02:00,14.60092845088499
2025-03-20 03:00,18.869188313935275
2025-03-20 04:00,21.97642048856715
2025-03-20 05:00,23.51129042835399
2025-03-20 06:00,28.667742235629
2025-03-20 07:00,32.18071670916079
2025-03-20 08:00,33.86851858372414
2025-03-20 09:00,34.91958543795191
2025-03-20 10:00,35.05987380614879
2025-03-20 11:00,32.47698116763503
2025-03-20 12:00,30.872419400691285
2025-03-20 13:00,28.58877837131628
2025-03-20 14:00,28.658389713942846
2025-03-20 15:00,28.988000329345784
2025-03-20 16:00,29.03406360982459
2025-03-20 17:00,30.70128033569513
2025-03-20 18:00,34.241873729339495
2025-03-20 19:00,36.09159626340675
2025-03-20 20:00,38.98851705761122
2025-03-20 21:00,42.742671713476
2025-03-20 22:00,43.18931506391714
2025-03-20 23:00,44.18171119146578
2025-03-21 00:00,42.77244074942751
2025-03-21 01:00,40.73448868927431
2025-03-21 02:00,38.8904224639346
2025-03-21 03:00,37.7797589670346
2025-03-21 04:00,35.91722912750182
2025-03-21 05:00,34.55546769474203
2025-03-21 06:00,33.275920874850094
2025-03-21 07:00,34.54360136277124
2025-03-21 08:00,29.992297604718615
2025-03-21 09:00,30.34743221646265
2025-03-21 10:00,27.40702637335044
2025-03-21 11:00,26.05874746574411
2025-03-21 12:00,23.60613097570226
2025-03-21 13:00,21.25485880411633
2025-03-21 14:00,16.544868255420987
2025-03-21 15:00,15.762392105017733
2025-03-21 16:00,13.302900402173734
2025-03-21 17:00,7.841709007198659
2025-03-21 18:00,6.7461691674908835
2025-03-21 19:00,3.5892609938952935
2025-03-21 20:00,3.719065159702974
2025-03-21 21:00,5.72158933759378
2025-03-21 22:00,7.205419609628424
2025-03-21 23:00,10.0982764198296
2025-03-22 00:00,18.155421775493775
2025-03-22 01:00,19.58989619022293
2025-03-22 02:00,20.871896586868754
2025-03-22 03:00,24.6545072756323
2025-03-22 04:00,25.3874348763119
2025-03-22 05:00,26.682365695311702
2025-03-22 06:00,27.142382805082477
2025-03-22 07:00,28.000198337229655
2025-03-22 08:00,23.293764431515797
2025-03-22 09:00,20.192643033239293
2025-03-22 10:00,19.346965311402258
2025-03-22 11:00,20.558263572413153
2025-03-22 12:00,22.50086101959385
2025-03-22 13:00,22.301650107487337
2025-03-22 14:00,20.308796166689046
2025-03-22 15:00,19.69150986364217
2025-03-22 16:00,20.235327393385116
2025-03-22 17:00,19.08086255584961
2025-03-22 18:00,19.46550782059584
2025-03-22 19:00,14.59780972832573
2025-03-22 20:00,12.233130236641081
2025-03-22 21:00,11.25854097753076
2025-03-22 22:00,11.557317622596203
2025-03-22 23:00,15.179512676227047
2025-03-23 00:00,19.165055597124706
2025-03-23 01:00,22.219383815128037
2025-03-23 02:00,23.612404463628963
2025-03-23 03:00,24.25240823632112
2025-03-23 04:00,23.337853144929774
2025-03-23 05:00,22.39002732604844
2025-03-23 06:00,21.117500570889792
2025-03-23 07:00,15.38263695120117
2025-03-23 08:00,17.16512148305928
2025-03-23 09:00,15.197873509579605
2025-03-23 10:00,18.990884802311285
2025-03-23 11:00,18.87791262896493
2025-03-23 12:00,19.604287360973224
2025-03-23 13:00,20.20978432753582
2025-03-23 14:00,21.067172992717083
2025-03-23 15:00,18.392171926049482
2025-03-23 16:00,16.9074927709894
2025-03-23 17:00,14.75302955965303
2025-03-23 18:00,15.433562863024502
2025-03-23 19:00,15.088265553185263
2025-03-23 20:00,14.9203006124633
2025-03-23 21:00,17.449799240797685
2025-03-23 22:00,19.660888006088832
2025-03-23 23:00,22.225972857121537
2025-03-24 00:00,25.844031589259735
2025-03-24 01:00,26.523763739593353
2025-03-24 02:00,33.67772477629352
2025-03-24 03:00,36.42568515589978
2025-03-24 04:00,39.59280095190456
2025-03-24 05:00,42.173283122979285
2025-03-24 06:00,47.43817132635682
2025-03-24 07:00,47.428539573331044
2025-03-24 08:00,49.01397492401198
2025-03-24 09:00,51.30354005092688
2025-03-24 10:00,53.65960265503452
2025-03-24 11:00,53.14772944544575
2025-03-24 12:00,53.18385728236198
2025-03-24 13:00,48.90013760225326
2025-03-24 14:00,47.02720726028679
2025-03-24 15:00,43.970759830931684
2025-03-24 16:00,45.70196360357335
2025-03-24 17:00,43.79672335110048
2025-03-24 18:00,39.54837671784616
2025-03-24 19:00,37.63929620212272
2025-03-24 20:00,33.90142585587949
2025-03-24 21:00,26.931338076885716
2025-03-24 22:00,20.91203928398002
2025-03-24 23:00,15.877417932401976
2025-03-25 00:00,22.187342073526995
2025-03-25 01:00,16.201876900095574
2025-03-25 02:00,15.096696345420003
2025-03-25 03:00,16.96963279614985
2025-03-25 04:00,17.97983568953857
2025-03-25 05:00,15.259578180962826
2025-03-25 06:00,19.140878781939826
2025-03-25 07:00,29.90578280261618
2025-03-25 08:00,30.732105327246718
2025-03-25 09:00,34.67957503953755
2025-03-25 10:00,40.858338742593205
2025-03-25 11:00,44.735862060479285
2025-03-25 12:00,43.449920977963465
2025-03-25 13:00,44.37825019201632
2025-03-25 14:00,42.90646932780339
2025-03-25 15:00,39.692072541460846
2025-03-25 16:00,32.4507992032971
2025-03-25 17:00,26.03867064177338
2025-03-25 18:00,17.476076312227626
2025-03-25 19:00,9.016890227926261
2025-03-25 20:00,4.3908059492444345
2025-03-25 21:00,1.2043529661989658
2025-03-25 22:00,0.7897468152746961
2025-03-25 23:00,0.5664194330211929
2025-03-26 00:00,0.2778992333137352
2025-03-26 01:00,0.198061130999021
2025-03-26 02:00,0.07882317180069204
2025-03-26 03:00,0.4798487097423201
2025-03-26 04:00,0.5071838383174442
2025-03-26 05:00,0.4837900436188315
2025-03-26 06:00,1.1612478157768353
2025-03-26 07:00,1.1184234582661894
2025-03-26 08:00,1.4155744143693485
2025-03-26 09:00,2.031842973055945
2025-03-26 10:00,3.3478744983533253
2025-03-26 11:00,8.06319214480852
2025-03-26 12:00,13.56385132720213
2025-03-26 13:00,19.624861604603154
2025-03-26 14:00,19.547641638235795
2025-03-26 15:00,22.62771463714459
2025-03-26 16:00,24.527006507680497
2025-03-26 17:00,24.197615865667366
2025-03-26 18:00,28.24408291628578
2025-03-26 19:00,38.11432705682517
2025-03-26 20:00,41.92857603422918
2025-03-26 21:00,46.66059286695603
2025-03-26 22:00,47.26801792932444
2025-03-26 23:00,50.98558840885057
2025-03-27 00:00,54.5713860496951
2025-03-27 01:00,51.359340660013466
2025-03-27 02:00,46.63990047528377
2025-03-27 03:00,47.427122445322894
2025-03-27 04:00,45.91771617726092
2025-03-27 05:00,46.441621468763664
2025-03-27 06:00,47.36212734068378
2025-03-27 07:00,43.69196732378069
2025-03-27 08:00,40.669751796197176
2025-03-27 09:00,38.01939453376069
2025-03-27 10:00,24.916541611011958
2025-03-27 11:00,19.76450647348248
2025-03-27 12:00,26.560437982310468
2025-03-27 13:00,22.452394820581773
2025-03-27 14:00,31.15117116771296
2025-03-27 15:00,23.061429093462174
2025-03-27 16:00,28.133594543998733
2025-03-27 17:00,37.4531323499954
2025-03-27 18:00,42.41390441694794
2025-03-27 19:00,42.6618007618837
2025-03-27 20:00,41.05347292910926
2025-03-27 21:00,40.68739936132967
2025-03-27 22:00,42.193669302057536
2025-03-27 23:00,42.91497242796537
2025-03-28 00:00,47.772838316609345
2025-03-28 01:00,49.47895017519946
2025-03-28 02:00,52.094373894065114
2025-03-28 03:00,52.31634045447775
2025-03-28 04:00,52.589436022507684
2025-03-28 05:00,53.63683652925809
2025-03-28 06:00,53.34987250806675
2025-03-28 07:00,52.53149680525091
2025-03-28 08:00,53.59790663162513
2025-03-28 09:00,53.790833223629065
2025-03-28 10:00,53.130874469721746
2025-03-28 11:00,52.51993458540731
2025-03-28 12:00,52.553148514998064
2025-03-28 13:00,52.78205142941991
2025-03-28 14:00,52.56195365844107
2025-03-28 15:00,51.105459068210806
2025-03-28 16:00,52.98767671319041
2025-03-28 17:00,53.45810767979688
2025-03-28 18:00,50.39520746359328
2025-03-28 19:00,48.13156441039599
2025-03-28 20:00,45.63635118903562
2025-03-28 21:00,41.98518464318893
2025-03-28 22:00,40.45910218644838
2025-03-28 23:00,33.15103678216275
2025-03-29 00:00,24.22686619836543
2025-03-29 01:00,14.961646703202936
2025-03-29 02:00,10.277181248615321
2025-03-29 03:00,6.549014984677299
2025-03-29 04:00,3.3549149389675708
2025-03-29 05:00,3.2853391283941358
2025-03-29 06:00,3.8863719826446124
2025-03-29 07:00,5.301333653615503
2025-03-29 08:00,5.645753680611338
2025-03-29 09:00,4.556642381146448
2025-03-29 10:00,6.017988585567553
2025-03-29 11:00,10.054835795374169
2025-03-29 12:00,15.066541783193648
2025-03-29 13:00,15.84319607658088
2025-03-29 14:00,14.798197998311455
2025-03-29 15:00,29.480212454178336
2025-03-29 16:00,40.177342329392175
2025-03-29 17:00,41.778918085113375
2025-03-29 18:00,41.85196593275159
2025-03-29 19:00,40.141747413619036
2025-03-29 20:00,28.617345874318957
2025-03-29 21:00,27.508850980536437
2025-03-29 22:00,19.105400158034975
2025-03-29 23:00,16.93512685118187
2025-03-30 00:00,7.432045803266878
2025-03-30 01:00,6.081603944655163
2025-03-30 02:00,4.8664247796289235
2025-03-30 03:00,6.369015958014417
2025-03-30 04:00,5.713410727089308
2025-03-30 05:00,7.306571420143522
2025-03-30 06:00,11.15275933053192
2025-03-30 07:00,9.058488739753974
2025-03-30 08:00,6.821118322030595
2025-03-30 09:00,6.898170871218553
2025-03-30 10:00,7.895482121042287
2025-03-30 11:00,9.641881616980283
2025-03-30 12:00,13.658468709256923
2025-03-30 13:00,12.052828061482227
2025-03-30 14:00,11.04666210036182
2025-03-30 15:00,12.484757935068828
2025-03-30 16:00,11.253291751999939
2025-03-30 17:00,10.18009115755805
2025-03-30 18:00,8.871904643272833
2025-03-30 19:00,6.776133033515513
2025-03-30 20:00,6.563282930132233
2025-03-30 21:00,4.39807249052282
2025-03-30 22:00,2.7398246950079757
2025-03-30 23:00,1.7254407020503582
2025-03-31 00:00,1.1690403260414657
2025-03-31 01:00,1.132054237128537
2025-03-31 02:00,1.2201258834566096
2025-03-31 03:00,1.602147787810628
2025-03-31 04:00,1.7345170705488215
2025-03-31 05:00,2.946738969883203
2025-03-31 06:00,2.9929600111977646
2025-03-31 07:00,1.7140798673966673
2025-03-31 08:00,1.2560096484641887
2025-03-31 09:00,1.1684911899945685
2025-03-31 10:00,1.2133605107895002
2025-03-31 11:00,1.522375017253697
2025-03-31 12:00,2.5438008755352937
2025-03-31 13:00,3.4856759751602957
2025-03-31 14:00,3.5684242741369445
2025-03-31 15:00,3.9559357846818566
2025-03-31 16:00,3.4709063265276967
2025-03-31 17:00,2.169288101850362
2025-03-31 18:00,1.9604265065608235
2025-03-31 19:00,0.8785933646096853
2025-03-31 20:00,0.3588679883524241
2025-03-31 21:00,0.2975316002962637
2025-03-31 22:00,0.06937088034083157
2025-03-31 23:00,0.10590592006817966
2025-04-01 00:00,0.32146772239475363
2025-04-01 01:00,0.2129933029476137
2025-04-01 02:00,0.09598490623706776
2025-04-01 03:00,0.09068052778490476
2025-04-01 04:00,0.20677739947760126
2025-04-01 05:00,0.3130473754387899
2025-04-01 06:00,0.3804427300446435
2025-04-01 07:00,0.24612546842743968
2025-04-01 08:00,0.5144880280420459
2025-04-01 09:00,0.8026565647562882
2025-04-01 10:00,1.1051661195989144
2025-04-01 11:00,1.969035125784798
2025-04-01 12:00,2.377442125974974
2025-04-01 13:00,3.7945410536503448
2025-04-01 14:00,5.25806915936035
2025-04-01 15:00,6.8774338853731125
2025-04-01 16:00,6.14127227436347
2025-04-01 17:00,6.018548415825935
2025-04-01 18:00,3.6119780570622133
2025-04-01 19:00,1.7167909941597095
2025-04-01 20:00,0.6939437616077269
2025-04-01 21:00,0.43354749074495574
2025-04-01 22:00,0.14534455812865416
2025-04-01 23:00,0.14803452520198934
2025-04-02 00:00,0.39505009027795757
2025-04-02 01:00,0.7031268100941239
2025-04-02 02:00,0.8560538077414812
2025-04-02 03:00,1.1656804040820905
2025-04-02 04:00,1.0885142511722012
2025-04-02 05:00,0.7415254317740124
2025-04-02 06:00,0.5600927579963374
2025-04-02 07:00,0.6444285599354838
2025-04-02 08:00,1.1542510797330487
2025-04-02 09:00,1.3242925086875788
2025-04-02 10:00,2.758438344745313
2025-04-02 11:00,3.351332022563408
2025-04-02 12:00,3.4515367436124986
2025-04-02 13:00,4.950091256066999
2025-04-02 14:00,7.675700618123026
2025-04-02 15:00,9.245736453821756
2025-04-02 16:00,9.11302336120745
2025-04-02 17:00,13.025705898509791
2025-04-02 18:00,12.241114977661983
2025-04-02 19:00,10.390826129669373
2025-04-02 20:00,11.129278412710484
2025-04-02 21:00,10.331551245028534
2025-04-02 22:00,8.462392658757754
2025-04-02 23:00,9.360666245709284
2025-04-03 00:00,6.1671426036469565
2025-04-03 01:00,5.116934007439903
2025-04-03 02:00,7.8297849706019
2025-04-03 03:00,9.118413879093884
2025-04-03 04:00,9.176560516373957
2025-04-03 05:00,7.97849573006822
2025-04-03 06:00,6.769182000390623
2025-04-03 07:00,4.059441537088965
2025-04-03 08:00,2.0963103664852856
2025-04-03 09:00,0.9193675984170171
2025-04-03 10:00,1.009585422408509
2025-04-03 11:00,0.8334326544497647
2025-04-03 12:00,1.4697621512711905
2025-04-03 13:00,4.511283809051154
2025-04-03 14:00,7.826481232293595
2025-04-03 15:00,9.553103065250522
2025-04-03 16:00,11.17272502180883
2025-04-03 17:00,8.234781985139332
2025-04-03 18:00,5.827531714745866
2025-04-03 19:00,3.477459170015785
2025-04-03 20:00,2.22102759550369
2025-04-03 21:00,0.799108995524037
2025-04-03 22:00,0.2725869031103839
2025-04-03 23:00,0.02123413214588498
2025-04-04 00:00,0.017550193397117553
2025-04-04 01:00,0.10277247100236639
2025-04-04 02:00,0.11895703271709454
2025-04-04 03:00,0.037856981649874805
2025-04-04 04:00,0.003503325124260752
2025-04-04 05:00,0.0020781666124518616
2025-04-04 06:00,0.0
2025-04-04 07:00,0.10391522338578574
2025-04-04 08:00,0.06063245187913911
2025-04-04 09:00,0.06199015961485682
2025-04-04 10:00,0.5408518929283878
2025-04-04 11:00,1.5394733099341886
2025-04-04 12:00,2.961118960411018
2025-04-04 13:00,2.614916509142318
2025-04-04 14:00,4.548397983199495
2025-04-04 15:00,3.685731190831718
2025-04-04 16:00,2.832075648444531
2025-04-04 17:00,3.3572958830107824
2025-04-04 18:00,3.3064930473480247
2025-04-04 19:00,3.3758720548221275
2025-04-04 20:00,4.474323002288078
2025-04-04 21:00,5.0244647372929885
2025-04-04 22:00,3.667515105704905
2025-04-04 23:00,4.777553425081802
2025-04-05 00:00,4.749595649747693
2025-04-05 01:00,6.969740752990452
2025-04-05 02:00,6.603795214895801
2025-04-05 03:00,8.46006949668677
2025-04-05 04:00,9.056960612240621
2025-04-05 05:00,12.224097160096022
2025-04-05 06:00,23.893902823399202
2025-04-05 07:00,26.989236919170402
2025-04-05 08:00,24.994070343387023
2025-04-05 09:00,28.101365348668278
2025-04-05 10:00,27.491580215952297
2025-04-05 11:00,30.529734039368208
2025-04-05 12:00,38.90231522083654
2025-04-05 13:00,38.65649490921614
2025-04-05 14:00,36.61442263079017
2025-04-05 15:00,35.29327432649544
2025-04-05 16:00,33.85233930824665
2025-04-05 17:00,27.11241894856517
2025-04-05 18:00,19.342489399260618
2025-04-05 19:00,14.336504074385356
2025-04-05 20:00,10.128070951530528
2025-04-05 21:00,4.5143352899355085
2025-04-05 22:00,2.391184809404894
2025-04-05 23:00,2.604423522414025
2025-04-06 00:00,5.619697773536411
2025-04-06 01:00,4.934044464727564
2025-04-06 02:00,3.341734097080799
2025-04-06 03:00,1.9801221898252899
2025-04-06 04:00,0.9514849007833315
2025-04-06 05:00,0.4009991873167708
2025-04-06 06:00,1.0225485783070472
2025-04-06 07:00,1.211260698887692
2025-04-06 08:00,1.0301188250548186
2025-04-06 09:00,2.5909268405845705
2025-04-06 10:00,3.50980491759322
2025-04-06 11:00,5.9109203971612345
2025-04-06 12:00,5.446763794595687
2025-04-06 13:00,6.162853554765676
2025-04-06 14:00,4.771774797813466
2025-04-06 15:00,4.393231394494222
2025-04-06 16:00,3.961248096436984
2025-04-06 17:00,4.132015641592901
2025-04-06 18:00,3.34505785245069
2025-04-06 19:00,2.9804593053423365
2025-04-06 20:00,2.9453910951918254
2025-04-06 21:00,2.989305058111379
2025-04-06 22:00,3.2598823493920768
2025-04-06 23:00,4.566560365042059
2025-04-07 00:00,3.8517072964563095
2025-04-07 01:00,5.744150299420503
2025-04-07 02:00,6.15322580216341
2025-04-07 03:00,8.605309432963207
2025-04-07 04:00,9.554207690773614
2025-04-07 05:00,9.00359897542068
2025-04-07 06:00,10.285168338148912
2025-04-07 07:00,10.277527082293862
2025-04-07 08:00,14.325473639684159
2025-04-07 09:00,16.885407571637515
2025-04-07 10:00,25.72082383181816
2025-04-07 11:00,28.67512764186794
2025-04-07 12:00,31.052936203885704
2025-04-07 13:00,39.38394268464409
2025-04-07 14:00,44.0959569873722
2025-04-07 15:00,45.07900619467691
2025-04-07 16:00,45.349967259662165
2025-04-07 17:00,46.82724876788852
2025-04-07 18:00,46.319326043739515
2025-04-07 19:00,51.061699528604876
2025-04-07 20:00,50.89976593784844
2025-04-07 21:00,50.47247935983575
2025-04-07 22:00,46.84748166510097
2025-04-07 23:00,49.5158957028758
2025-04-08 00:00,46.50475534292196
2025-04-08 01:00,48.0221754188549
2025-04-08 02:00,45.10577116220816
2025-04-08 03:00,40.20460709419832
2025-04-08 04:00,35.0645862765204
2025-04-08 05:00,30.349769340545812
2025-04-08 06:00,21.270903848491074
2025-04-08 07:00,14.244359204243633
2025-04-08 08:00,14.749908045723963
2025-04-08 09:00,18.310173174599427
2025-04-08 10:00,14.187606488480583
2025-04-08 11:00,8.044983111669191
2025-04-08 12:00,5.341769253108276
2025-04-08 13:00,4.084764486314651
2025-04-08 14:00,6.219870503387102
2025-04-08 15:00,6.816281677510858
2025-04-08 16:00,7.245617375936159
2025-04-08 17:00,7.003932172647201
2025-04-08 18:00,5.732437771177059
2025-04-08 19:00,5.00056870902316
2025-04-08 20:00,2.084930013716872
2025-04-08 21:00,0.5055660592493176
2025-04-08 22:00,0.4825684484332252
2025-04-08 23:00,0.18775390044873738
2025-04-09 00:00,0.16646066999064435
2025-04-09 01:00,0.16534484790023332
2025-04-09 02:00,0.21389642954567994
2025-04-09 03:00,0.07191451308867103
2025-04-09 04:00,0.0
2025-04-09 05:00,0.018048231013558402
2025-04-09 06:00,0.032685174962772595
2025-04-09 07:00,0.06165851937812
2025-04-09 08:00,0.09028554185591098
2025-04-09 09:00,0.8687338471822816
2025-04-09 10:00,0.7907417350138651
2025-04-09 11:00,0.9376483286935406
2025-04-09 12:00,1.4467510709579574
2025-04-09 13:00,2.7565456992640947
2025-04-09 14:00,2.9317568708727535
2025-04-09 15:00,4.143834064831286
2025-04-09 16:00,6.381966953190929
2025-04-09 17:00,5.443012288969233
2025-04-09 18:00,5.1110358750006695
2025-04-09 19:00,5.043131989129598
2025-04-09 20:00,8.201661621269533
2025-04-09 21:00,8.746265505318139
2025-04-09 22:00,4.079019116600822
2025-04-09 23:00,3.9342511686038293
2025-04-10 00:00,1.9693529556897653
2025-04-10 01:00,0.43667157790273525
2025-04-10 02:00,0.4368765469494912
2025-04-10 03:00,0.884343763213966
2025-04-10 04:00,1.1601281781536277
2025-04-10 05:00,0.6715245241018917
2025-04-10 06:00,1.1219097491195864
2025-04-10 07:00,0.6686886579788796
2025-04-10 08:00,0.4756358140646517
2025-04-10 09:00,0.35103458617743055
2025-04-10 10:00,0.18722649926143
2025-04-10 11:00,1.8887456664018787
2025-04-10 12:00,0.9824481140315848
2025-04-10 13:00,1.2384654410381568
2025-04-10 14:00,2.2855241012511778
2025-04-10 15:00,2.6464307141142456
2025-04-10 16:00,3.885959901895909
2025-04-10 17:00,3.204577021642348
2025-04-10 18:00,2.1133106338913494
2025-04-10 19:00,1.485519148518581
2025-04-10 20:00,0.4090885515594161
2025-04-10 21:00,0.9264126781451777
2025-04-10 22:00,0.4130131224472752
2025-04-10 23:00,0.6411922122222153
2025-04-11 00:00,0.5854858377752263
2025-04-11 01:00,0.5262144984290478
2025-04-11 02:00,0.2939752084398436
2025-04-11 03:00,0.043726028504531576
2025-04-11 04:00,0.07654911950732786
2025-04-11 05:00,9.968239913557061e-05
2025-04-11 06:00,0.15327100453409234
2025-04-11 07:00,0.08374248075519758
2025-04-11 08:00,0.0003826484802359959
2025-04-11 09:00,0.0
2025-04-11 10:00,0.02148731550551849
2025-04-11 11:00,0.1069835524746229
2025-04-11 12:00,0.28280996472622666
2025-04-11 13:00,0.8252201507782584
2025-04-11 14:00,1.705283305434658
2025-04-11 15:00,1.9909646225454383
2025-04-11 16:00,2.3997047661224946
2025-04-11 17:00,2.338170243868736
2025-04-11 18:00,1.5693922163361007
2025-04-11 19:00,1.1167668526966774
2025-04-11 20:00,2.117041093439978
2025-04-11 21:00,4.9834931496460655
2025-04-11 22:00,8.8205569077941
2025-04-11 23:00,11.261405808818434
2025-04-12 00:00,12.066414892894297
2025-04-12 01:00,14.381042167014407
2025-04-12 02:00,20.87631547662672
2025-04-12 03:00,21.317910734835518
2025-04-12 04:00,31.554610599679133
2025-04-12 05:00,31.17134049042166
2025-04-12 06:00,36.080556260774216
2025-04-12 07:00,39.81395517004812
2025-04-12 08:00,40.403496848039794
2025-04-12 09:00,47.47010507779915
2025-04-12 10:00,47.61055643553291
2025-04-12 11:00,47.07662524981663
2025-04-12 12:00,50.87158343539628
2025-04-12 13:00,48.70027549076312
2025-04-12 14:00,48.03664822770428
2025-04-12 15:00,50.130728233347966
2025-04-12 16:00,48.364300549090025
2025-04-12 17:00,50.54872870103918
2025-04-12 18:00,52.98553064640675
2025-04-12 19:00,55.20408440392585
2025-04-12 20:00,54.19906216496051
2025-04-12 21:00,52.68083080340239
2025-04-12 22:00,45.37195596439159
2025-04-12 23:00,36.660569184720785
2025-04-13 00:00,35.12217844577458
2025-04-13 01:00,23.460916531043125
2025-04-13 02:00,18.084371390620266
2025-04-13 03:00,28.89064111739397
2025-04-13 04:00,35.12963738600502
2025-04-13 05:00,41.72154893214269
2025-04-13 06:00,40.35565207613993
2025-04-13 07:00,41.29642838935886
2025-04-13 08:00,38.612709725480116
2025-04-13 09:00,45.5239169876891
2025-04-13 10:00,46.824919034750486
2025-04-13 11:00,47.017577873430724
2025-04-13 12:00,45.90301429185672
2025-04-13 13:00,43.88366791494481
2025-04-13 14:00,44.96776863618114
2025-04-13 15:00,45.785168838886136
2025-04-13 16:00,43.9881562001989
2025-04-13 17:00,44.29887821533795
2025-04-13 18:00,44.907381733738866
2025-04-13 19:00,39.93811986902959
2025-04-13 20:00,34.18627823112913
2025-04-13 21:00,33.85510656553411
2025-04-13 22:00,39.64026108593855
2025-04-13 23:00,46.28014400455112
2025-04-14 00:00,45.101588042735045
2025-04-14 01:00,47.44616681911562
2025-04-14 02:00,38.82073511940964
2025-04-14 03:00,42.925091588534485
2025-04-14 04:00,36.77003415365321
2025-04-14 05:00,37.148308669193824
2025-04-14 06:00,36.66546291853237
2025-04-14 07:00,35.075909762429156
2025-04-14 08:00,38.08046673803213
2025-04-14 09:00,27.308295032433342
2025-04-14 10:00,25.86340022096624
2025-04-14 11:00,21.11580172437314
2025-04-14 12:00,34.40699415521624
2025-04-14 13:00,31.391330969471646
2025-04-14 14:00,38.505675121272056
2025-04-14 15:00,42.8291606884799
2025-04-14 16:00,43.08678779643688
2025-04-14 17:00,43.74788131619263
2025-04-14 18:00,42.13535961631928
2025-04-14 19:00,46.15317531157195
2025-04-14 20:00,48.158103777530314
2025-04-14 21:00,49.23929444279771
2025-04-14 22:00,49.96102482115187
2025-04-14 23:00,49.48826375548941
2025-04-15 00:00,49.057040062127555
2025-04-15 01:00,48.26027694289872
2025-04-15 02:00,44.76855077479446
2025-04-15 03:00,41.30801638587193
2025-04-15 04:00,34.232513395904014
2025-04-15 05:00,32.30795856332933
2025-04-15 06:00,30.804343222965834
2025-04-15 07:00,29.300355915102347
2025-04-15 08:00,27.574983939049673
2025-04-15 09:00,26.335525848372583
2025-04-15 10:00,26.10897881513435
2025-04-15 11:00,25.038257979958182
2025-04-15 12:00,22.401542353915676
2025-04-15 13:00,18.732400425082705
2025-04-15 14:00,17.86689534583942
2025-04-15 15:00,15.361961022219614
2025-04-15 16:00,10.72173680245718
2025-04-15 17:00,8.494599866727881
2025-04-15 18:00,7.639856869421137
2025-04-15 19:00,4.10466293377701
2025-04-15 20:00,2.9967404513715494
2025-04-15 21:00,4.2494401042604375
2025-04-15 22:00,7.202835744965815
2025-04-15 23:00,8.453265083368679
2025-04-16 00:00,9.28935625636997
2025-04-16 01:00,9.201291146863907
2025-04-16 02:00,11.70859383711013
2025-04-16 03:00,15.230590674859124
2025-04-16 04:00,16.138053169541323
2025-04-16 05:00,19.1788968107173
2025-04-16 06:00,27.333221589350728
2025-04-16 07:00,29.176411626496495
2025-04-16 08:00,35.24928191294247
2025-04-16 09:00,41.45264733067014
2025-04-16 10:00,49.42493654610619
2025-04-16 11:00,51.28360745457745
2025-04-16 12:00,52.15688142019843
2025-04-16 13:00,51.429601112525646
2025-04-16 14:00,51.032883916984055
2025-04-16 15:00,51.20319521020835
2025-04-16 16:00,52.14144391652911
2025-04-16 17:00,52.90307422637418
2025-04-16 18:00,53.38231077180996
2025-04-16 19:00,55.7254294568954
2025-04-16 20:00,57.0662759023752
2025-04-16 21:00,58.28943687511355
2025-04-16 22:00,57.97607369387718
2025-04-16 23:00,59.68556854534822
2025-04-17 00:00,58.359317412343046
2025-04-17 01:00,56.8821483207599
2025-04-17 02:00,57.00440367167476
2025-04-17 03:00,54.62698886022905
2025-04-17 04:00,57.0957891687044
2025-04-17 05:00,57.11141001830842
2025-04-17 06:00,57.58738563136069
2025-04-17 07:00,56.76573709651744
2025-04-17 08:00,56.0435961738505
2025-04-17 09:00,56.313872820574964
2025-04-17 10:00,55.701266791880265
2025-04-17 11:00,54.333899544638555
2025-04-17 12:00,53.6640636353013
2025-04-17 13:00,53.89963216433841
2025-04-17 14:00,53.348829763247764
2025-04-17 15:00,51.78838950869221
2025-04-17 16:00,51.18027327119449
2025-04-17 17:00,51.061321058493775
2025-04-17 18:00,48.81933883900646
2025-04-17 19:00,47.9096187693527
2025-04-17 20:00,50.63084861096069
2025-04-17 21:00,49.121811633907754
2025-04-17 22:00,50.818522167057075
2025-04-17 23:00,50.819478404663684
2025-04-18 00:00,51.0993319054309
2025-04-18 01:00,49.402219869132715
2025-04-18 02:00,48.37020629635481
2025-04-18 03:00,45.210750105459496
2025-04-18 04:00,44.83581396044139
2025-04-18 05:00,44.72813496372625
2025-04-18 06:00,42.659236222628465
2025-04-18 07:00,41.07594453274838
2025-04-18 08:00,39.16601731500795
2025-04-18 09:00,36.82873115687086
2025-04-18 10:00,31.814091630212275
2025-04-18 11:00,29.01864852391556
2025-04-18 12:00,26.13412128841582
2025-04-18 13:00,25.478428637735774
2025-04-18 14:00,19.711496799454476
2025-04-18 15:00,17.149495266540658
2025-04-18 16:00,14.882058114882367
2025-04-18 17:00,14.989460204645061
2025-04-18 18:00,15.059554394521964
2025-04-18 19:00,15.142153180021724
2025-04-18 20:00,14.596962469643572
2025-04-18 21:00,14.44114716770974
2025-04-18 22:00,17.005345407908113
2025-04-18 23:00,21.63413910272114
2025-04-19 00:00,26.695263405894053
2025-04-19 01:00,27.96871963279899
2025-04-19 02:00,33.57260776207721
2025-04-19 03:00,37.893811369662124
2025-04-19 04:00,39.958715223494764
2025-04-19 05:00,42.313050073713974
2025-04-19 06:00,39.714968380275955
2025-04-19 07:00,41.577713610196284
2025-04-19 08:00,46.98930217902328
2025-04-19 09:00,43.75956989418098
2025-04-19 10:00,44.23627475378733
2025-04-19 11:00,47.926560894621076
2025-04-19 12:00,49.48604480596917
2025-04-19 13:00,49.22271711765082
2025-04-19 14:00,47.89848902809178
2025-04-19 15:00,45.5874821844388
2025-04-19 16:00,41.353289490411896
2025-04-19 17:00,35.077416814812324
2025-04-19 18:00,31.995525997461378
2025-04-19 19:00,20.564290434555076
2025-04-19 20:00,10.618236494240628
2025-04-19 21:00,6.878928167657234
2025-04-19 22:00,4.7589949530566305
2025-04-19 23:00,2.849055690125322
2025-04-20 00:00,1.0050184427218412
2025-04-20 01:00,0.4848337385779544
2025-04-20 02:00,1.084110067111376
2025-04-20 03:00,1.4120259526968042
2025-04-20 04:00,4.196399855508952
2025-04-20 05:00,7.853891726791644
2025-04-20 06:00,10.40429677840974
2025-04-20 07:00,15.421090241395426
2025-04-20 08:00,15.676379526056026
2025-04-20 09:00,13.528970986146842
2025-04-20 10:00,11.47266883596965
2025-04-20 11:00,10.364382294707921
2025-04-20 12:00,8.881877035807129
2025-04-20 13:00,9.216526686972884
2025-04-20 14:00,10.286207671792557
2025-04-20 15:00,12.599058809159523
2025-04-20 16:00,13.509152977935024
2025-04-20 17:00,9.985539055653724
2025-04-20 18:00,6.857155289872758
2025-04-20 19:00,6.410364425491233
2025-04-20 20:00,4.821455540900724
2025-04-20 21:00,1.7341254366985466
2025-04-20 22:00,1.4867256531461157
2025-04-20 23:00,1.3287462282487283
2025-04-21 00:00,0.1659440324623185
2025-04-21 01:00,0.06372268098815813
2025-04-21 02:00,0.27441872473940754
2025-04-21 03:00,1.779160481552597
2025-04-21 04:00,3.0324733372003925
2025-04-21 05:00,3.2076543709698155
2025-04-21 06:00,4.3316081106882205
2025-04-21 07:00,2.577610471880158
2025-04-21 08:00,1.942276060916982
2025-04-21 09:00,3.6533249348092607
2025-04-21 10:00,3.7645039415387047
2025-04-21 11:00,6.228843590551024
2025-04-21 12:00,7.547577407698888
2025-04-21 13:00,10.223045794459265
2025-04-21 14:00,10.001093131823804
2025-04-21 15:00,7.1720271540598075
2025-04-21 16:00,8.218808684986378
2025-04-21 17:00,9.4775163049072
2025-04-21 18:00,7.643187083093771
2025-04-21 19:00,5.2096171535630225
2025-04-21 20:00,6.550472852093828
2025-04-21 21:00,5.52786706534749
2025-04-21 22:00,6.262108329830571
2025-04-21 23:00,9.07941053775875
2025-04-22 00:00,7.86695977453696
2025-04-22 01:00,8.60283038277137
2025-04-22 02:00,9.356443695217656
2025-04-22 03:00,16.32296146845181
2025-04-22 04:00,18.08990171030032
2025-04-22 05:00,22.718262541288386
2025-04-22 06:00,26.83366819510415
2025-04-22 07:00,29.667675457359444
2025-04-22 08:00,32.776905524858535
2025-04-22 09:00,38.11938444971157
2025-04-22 10:00,41.567317239114374
2025-04-22 11:00,43.99720844047768
2025-04-22 12:00,43.13547468550762
2025-04-22 13:00,39.87418526587503
2025-04-22 14:00,37.102713345932784
2025-04-22 15:00,32.478599167639075
2025-04-22 16:00,24.93508028178035
2025-04-22 17:00,23.376323620775818
2025-04-22 18:00,21.6483232042742
2025-04-22 19:00,17.551644144042626
2025-04-22 20:00,16.998339335328243
2025-04-22 21:00,16.88283438527033
2025-04-22 22:00,13.828615904262238
2025-04-22 23:00,16.302013744870123
2025-04-23 00:00,18.696654998004394
2025-04-23 01:00,21.063579983162366
2025-04-23 02:00,23.4062851719812
2025-04-23 03:00,23.381896465680985
2025-04-23 04:00,22.262057664871318
2025-04-23 05:00,21.20975818069432
2025-04-23 06:00,17.073317746411526
2025-04-23 07:00,12.025711723250845
2025-04-23 08:00,9.48313191018902
2025-04-23 09:00,6.169688876572917
2025-04-23 10:00,4.092794912177833
2025-04-23 11:00,3.450071103382254
2025-04-23 12:00,3.989680632600334
2025-04-23 13:00,5.601760425699129
2025-04-23 14:00,5.226417337835974
2025-04-23 15:00,5.13096486788762
2025-04-23 16:00,6.5793594007258855
2025-04-23 17:00,4.89143730228173
2025-04-23 18:00,1.6414991626279194
2025-04-23 19:00,0.7151683693621794
2025-04-23 20:00,0.21003379937089564
2025-04-23 21:00,0.26627766461558955
2025-04-23 22:00,0.15620964845738583
2025-04-23 23:00,0.1629064552427202
2025-04-24 00:00,0.18148588127516682
2025-04-24 01:00,0.32109633894691825
2025-04-24 02:00,0.5903660898798408
2025-04-24 03:00,0.7061662021683555
2025-04-24 04:00,1.3017429091049881
2025-04-24 05:00,0.8445294759649122
2025-04-24 06:00,0.8586974320904692
2025-04-24 07:00,0.5357824235773404
2025-04-24 08:00,0.8878093801215439
2025-04-24 09:00,3.474128326158807
2025-04-24 10:00,5.0327844535285005
2025-04-24 11:00,6.056174307795384
2025-04-24 12:00,7.415705721725887
2025-04-24 13:00,7.100736343687667
2025-04-24 14:00,10.068561725593643
2025-04-24 15:00,13.045663301441703
2025-04-24 16:00,19.350072597192373
2025-04-24 17:00,19.63589301685966
2025-04-24 18:00,22.01496424101889
2025-04-24 19:00,24.507238531054984
2025-04-24 20:00,25.919876925304635
2025-04-24 21:00,25.257738459186307
2025-04-24 22:00,23.879554470934433
2025-04-24 23:00,23.937717117458668
2025-04-25 00:00,17.857108629788414
2025-04-25 01:00,16.34902890003919
2025-04-25 02:00,15.657849416205496
2025-04-25 03:00,15.60491887447148
2025-04-25 04:00,13.008994679959756
2025-04-25 05:00,10.419843510631544
2025-04-25 06:00,9.864095787537474
2025-04-25 07:00,6.234064901494804
2025-04-25 08:00,3.7703065989866564
2025-04-25 09:00,4.031655636146247
2025-04-25 10:00,4.116123520402411
2025-04-25 11:00,4.119058562245319
2025-04-25 12:00,4.271725360894539
2025-04-25 13:00,4.667587222472135
2025-04-25 14:00,6.599735072343156
2025-04-25 15:00,7.010704591237065
2025-04-25 16:00,6.722596963649136
2025-04-25 17:00,5.658956642535291
2025-04-25 18:00,4.182976119348659
2025-04-25 19:00,2.513288055085164
2025-04-25 20:00,1.0750894750064262
2025-04-25 21:00,0.5717289397168244
2025-04-25 22:00,0.28642013096818997
2025-04-25 23:00,0.13953329463012598
2025-04-26 00:00,0.11273055423941232
2025-04-26 01:00,0.1602529224875387
2025-04-26 02:00,0.08841094213589508
2025-04-26 03:00,0.08519716683835561
2025-04-26 04:00,0.1518134471614819
2025-04-26 05:00,0.4881387787923895
2025-04-26 06:00,0.5460452904815379
2025-04-26 07:00,0.6370032704849828
2025-04-26 08:00,0.877380291854917
2025-04-26 09:00,2.2032008322517194
2025-04-26 10:00,4.323899586369365
2025-04-26 11:00,5.259938934592763
2025-04-26 12:00,7.5724549545767665
2025-04-26 13:00,10.819800708509376
2025-04-26 14:00,11.43482272639583
2025-04-26 15:00,8.84650097842326
2025-04-26 16:00,10.31086170032016
2025-04-26 17:00,9.053102061965241
2025-04-26 18:00,9.252459520930733
2025-04-26 19:00,11.500931746192949
2025-04-26 20:00,12.268638239455466
2025-04-26 21:00,13.98291550846404
2025-04-26 22:00,16.086795968483074
2025-04-26 23:00,18.326363653545922
2025-04-27 00:00,14.509849292931388
2025-04-27 01:00,13.138267901336329
2025-04-27 02:00,14.970580508551425
2025-04-27 03:00,14.593347091436076
2025-04-27 04:00,12.741639187329731
2025-04-27 05:00,11.069933778174118
2025-04-27 06:00,9.342488419799258
2025-04-27 07:00,7.748145246804592
2025-04-27 08:00,8.056216415618588
2025-04-27 09:00,7.762099881654444
2025-04-27 10:00,7.4976317629938585
2025-04-27 11:00,4.881636500283536
2025-04-27 12:00,8.972683856351583
2025-04-27 13:00,5.830305945061038
2025-04-27 14:00,5.2493444683461625
2025-04-27 15:00,2.49325575649526
2025-04-27 16:00,2.199488865976536
2025-04-27 17:00,1.7033029179824886
2025-04-27 18:00,1.7295373512835361
2025-04-27 19:00,2.828375013915096
2025-04-27 20:00,1.2450488147647327
2025-04-27 21:00,1.612232839741933
2025-04-27 22:00,1.2772636886020994
2025-04-27 23:00,1.8528710357744531
2025-04-28 00:00,2.289600561488162
2025-04-28 01:00,0.4807516851525564
2025-04-28 02:00,0.5068856905078925
2025-04-28 03:00,0.2956118115687905
2025-04-28 04:00,0.3181902927439647
2025-04-28 05:00,0.24980751923292682
2025-04-28 06:00,1.4050003441787666
2025-04-28 07:00,1.057900763717695
2025-04-28 08:00,2.0882478717997053
2025-04-28 09:00,4.7983910251875175
2025-04-28 10:00,6.854564562488417
2025-04-28 11:00,12.330750307266282
2025-04-28 12:00,16.547656779857878
2025-04-28 13:00,17.103596849153888
2025-04-28 14:00,18.17036920902962
2025-04-28 15:00,19.86960668591044
2025-04-28 16:00,23.358651863603523
2025-04-28 17:00,26.290780046510214
2025-04-28 18:00,24.90413713817151
2025-04-28 19:00,22.703658681887184
2025-04-28 20:00,18.87651099234207
2025-04-28 21:00,18.330585140587182
2025-04-28 22:00,15.818782633520616
2025-04-28 23:00,9.492800839498981
2025-04-29 00:00,7.386500822553442
2025-04-29 01:00,4.362565333649041
2025-04-29 02:00,2.492603863759105
2025-04-29 03:00,1.210184702573146
2025-04-29 04:00,1.448715621029923
2025-04-29 05:00,0.8702151070502822
2025-04-29 06:00,0.40600254892265064
2025-04-29 07:00,0.006279041200234888
2025-04-29 08:00,0.0
2025-04-29 09:00,0.0
2025-04-29 10:00,0.0
2025-04-29 11:00,0.06672647312012445
2025-04-29 12:00,0.4402223481759396
2025-04-29 13:00,1.0676514422989782
2025-04-29 14:00,1.8544943813855597
2025-04-29 15:00,3.2739016496002313
2025-04-29 16:00,4.354635717085854
2025-04-29 17:00,5.9285238289266875
2025-04-29 18:00,7.650169688106518
2025-04-29 19:00,11.056261950146531
2025-04-29 20:00,13.712425884337428
2025-04-29 21:00,17.511566807827048
2025-04-29 22:00,20.100066699494292
2025-04-29 23:00,27.263399754125548
2025-04-30 00:00,22.734706679113152
2025-04-30 01:00,25.973619311796924
2025-04-30 02:00,28.01542852352636
2025-04-30 03:00,28.696996705634994
2025-04-30 04:00,28.73718425763962
2025-04-30 05:00,30.694273407422493
2025-04-30 06:00,35.09306642749965
2025-04-30 07:00,33.221407078026026
2025-04-30 08:00,34.33402575912652
2025-04-30 09:00,38.028318849701144
2025-04-30 10:00,40.441639855551706
2025-04-30 11:00,42.6159709009409
2025-04-30 12:00,43.713167431463354
2025-04-30 13:00,42.71516050916994
2025-04-30 14:00,42.90596941047778
2025-04-30 15:00,43.568659833120606
2025-04-30 16:00,42.16826827403042
2025-04-30 17:00,43.25547673182228
2025-04-30 18:00,44.013016152875906
2025-04-30 19:00,42.57541828190377
2025-04-30 20:00,45.892484586260494
2025-04-30 21:00,44.301299967022665
2025-04-30 22:00,45.701104269584214
2025-04-30 23:00,47.00411439418772
2025-05-01 00:00,47.98161373593571
2025-05-01 01:00,49.06670406593378
2025-05-01 02:00,50.68117494150839
2025-05-01 03:00,51.47885294542396
2025-05-01 04:00,52.26969468902344
2025-05-01 05:00,53.694864938320976
2025-05-01 06:00,52.6429388252587
2025-05-01 07:00,54.78562050831226
2025-05-01 08:00,53.268437791455426
2025-05-01 09:00,53.53405661841663
2025-05-01 10:00,52.937492237687096
2025-05-01 11:00,48.582592686797184
2025-05-01 12:00,45.618158436839366
2025-05-01 13:00,36.62102357005438
2025-05-01 14:00,33.56803242700858
2025-05-01 15:00,26.38471808837516
2025-05-01 16:00,27.618383085559685
2025-05-01 17:00,25.76550279799134
2025-05-01 18:00,23.35849351906525
2025-05-01 19:00,17.390802390439106
2025-05-01 20:00,16.117878107964625
2025-05-01 21:00,18.30810095128927
2025-05-01 22:00,15.556254044632716
2025-05-01 23:00,20.016069660669565
2025-05-02 00:00,19.694222975060267
2025-05-02 01:00,22.325387507874403
2025-05-02 02:00,24.19677487153205
2025-05-02 03:00,24.172756894190254
2025-05-02 04:00,22.695763103604175
2025-05-02 05:00,20.28834389656579
2025-05-02 06:00,20.368887512255416
2025-05-02 07:00,19.973318534609405
2025-05-02 08:00,16.842883064270012
2025-05-02 09:00,14.48275118377923
2025-05-02 10:00,11.74718393680674
2025-05-02 11:00,11.960266148083559
2025-05-02 12:00,9.900070094316257
2025-05-02 13:00,8.086037273815695
2025-05-02 14:00,6.1920839588381815
2025-05-02 15:00,6.112166753847324
2025-05-02 16:00,4.001021680816487
2025-05-02 17:00,2.7354855318058258
2025-05-02 18:00,2.242379895872828
2025-05-02 19:00,1.1400861122763253
2025-05-02 20:00,0.31594917751352647
2025-05-02 21:00,0.47381454801535905
2025-05-02 22:00,0.24083252215574866
2025-05-02 23:00,0.9270001795494363
2025-05-03 00:00,0.5710755583241518
2025-05-03 01:00,3.0202611839853444
2025-05-03 02:00,5.3794180636348505
2025-05-03 03:00,7.368639319456019
2025-05-03 04:00,10.377117450410855
2025-05-03 05:00,10.631417459323046
2025-05-03 06:00,15.228191872974342
2025-05-03 07:00,25.412164178920484
2025-05-03 08:00,24.834230233414573
2025-05-03 09:00,23.67082315968742
2025-05-03 10:00,17.233842088346698
2025-05-03 11:00,12.889895513426941
2025-05-03 12:00,11.654034231713045
2025-05-03 13:00,18.723743183689955
2025-05-03 14:00,19.792168877201867
2025-05-03 15:00,34.0914336443106
2025-05-03 16:00,37.81320059232387
2025-05-03 17:00,36.23411147751871
2025-05-03 18:00,37.41457395293371
2025-05-03 19:00,31.196144165204192
2025-05-03 20:00,25.7796240562061
2025-05-03 21:00,22.86177533502117
2025-05-03 22:00,16.278202842041562
2025-05-03 23:00,10.55904015176334
2025-05-04 00:00,5.640270208154373
2025-05-04 01:00,8.537703728923185
2025-05-04 02:00,10.269889259626533
2025-05-04 03:00,11.968446651796992
2025-05-04 04:00,10.49449586556153
2025-05-04 05:00,7.550497095291686
2025-05-04 06:00,4.514807771746246
2025-05-04 07:00,1.5754638036234883
2025-05-04 08:00,1.0544102258182284
2025-05-04 09:00,0.7656272615225106
2025-05-04 10:00,0.9050900731514826
2025-05-04 11:00,1.4641575643885936
2025-05-04 12:00,3.2615541396612526
2025-05-04 13:00,3.867087249219705
2025-05-04 14:00,4.28380507689041
2025-05-04 15:00,3.9567851539105527
2025-05-04 16:00,2.8471271167756793
2025-05-04 17:00,2.1722566820659424
2025-05-04 18:00,1.813482479621876
2025-05-04 19:00,1.8523062586575718
2025-05-04 20:00,1.1072290240315208
2025-05-04 21:00,0.5411382075064248
2025-05-04 22:00,0.34500576516320525
2025-05-04 23:00,0.056260604849296146
2025-05-05 00:00,0.09952124487661851
2025-05-05 01:00,0.24921942257829585
2025-05-05 02:00,0.44808499470767654
2025-05-05 03:00,0.25526726665571065
2025-05-05 04:00,0.11918890940677698
2025-05-05 05:00,0.4052207898767063
2025-05-05 06:00,0.30385774759924666
2025-05-05 07:00,0.1492853042884702
2025-05-05 08:00,0.15486624471997415
2025-05-05 09:00,0.11422729286899047
2025-05-05 10:00,0.9111643964634513
2025-05-05 11:00,1.1716812618077757
2025-05-05 12:00,1.3636385168345124
2025-05-05 13:00,2.2429803839345963
2025-05-05 14:00,1.99763484521243
2025-05-05 15:00,1.5789321546189492
2025-05-05 16:00,2.3612666652988312
2025-05-05 17:00,3.0181527936839547
2025-05-05 18:00,2.897511246307831
2025-05-05 19:00,5.380700589128599
2025-05-05 20:00,4.626911013424898
2025-05-05 21:00,4.91075030689973
2025-05-05 22:00,5.6963774890881504
2025-05-05 23:00,5.629631744199581
2025-05-06 00:00,3.221997026288818
2025-05-06 01:00,2.8406965839360097
2025-05-06 02:00,2.8726254257796415
2025-05-06 03:00,2.061812460865068
2025-05-06 04:00,2.7063695405319548
2025-05-06 05:00,2.8941829341206584
2025-05-06 06:00,2.310016052367623
2025-05-06 07:00,1.7425607953760345
2025-05-06 08:00,1.1499816160360907
2025-05-06 09:00,0.9618782353035948
2025-05-06 10:00,2.447133572972093
2025-05-06 11:00,2.1787967163914965
2025-05-06 12:00,2.4907257250380788
2025-05-06 13:00,3.1127400479020153
2025-05-06 14:00,4.804386212351396
2025-05-06 15:00,6.25917805649903
2025-05-06 16:00,5.088592196705334
2025-05-06 17:00,5.940962483134008
2025-05-06 18:00,4.570301481722224
2025-05-06 19:00,9.12333917977761
2025-05-06 20:00,6.479348765006339
2025-05-06 21:00,5.614347435329366
2025-05-06 22:00,4.019771388061549
2025-05-06 23:00,3.9162237605281747
2025-05-07 00:00,0.48821931271308194
2025-05-07 01:00,0.25774559976645434
2025-05-07 02:00,0.4924582250743131
2025-05-07 03:00,0.4119254228666961
2025-05-07 04:00,0.2495937239410426
2025-05-07 05:00,0.25500987688062027
2025-05-07 06:00,0.46495553253948313
2025-05-07 07:00,0.04132852427475517
2025-05-07 08:00,0.1274574804193098
2025-05-07 09:00,0.06354543152865134
2025-05-07 10:00,0.004858645185518757
2025-05-07 11:00,0.17588645615303455
2025-05-07 12:00,0.7770200112864172
2025-05-07 13:00,2.125460001223546
2025-05-07 14:00,2.972933474276415
2025-05-07 15:00,3.103887360156983
2025-05-07 16:00,3.366959453433889
2025-05-07 17:00,2.9450496332703624
2025-05-07 18:00,2.1399004502705194
2025-05-07 19:00,1.07503819463399
2025-05-07 20:00,0.4066232701566076
2025-05-07 21:00,0.9295745484282742
2025-05-07 22:00,0.5469921018145464
2025-05-07 23:00,0.4132759774164406
2025-05-08 00:00,0.057120488445401255
2025-05-08 01:00,0.04636256505715161
2025-05-08 02:00,0.167016605838034
2025-05-08 03:00,0.4324215290465977
2025-05-08 04:00,0.7711305404748301
2025-05-08 05:00,0.9269388035826627
2025-05-08 06:00,0.5297736507670778
2025-05-08 07:00,0.4572800269807459
2025-05-08 08:00,0.36657925293593263
2025-05-08 09:00,0.4668043602015758
2025-05-08 10:00,0.6428716770231172
2025-05-08 11:00,1.898996756788234
2025-05-08 12:00,2.4925811178882813
2025-05-08 13:00,3.079065027490644
2025-05-08 14:00,4.189477460081404
2025-05-08 15:00,4.114584976990447
2025-05-08 16:00,3.7748238758679924
2025-05-08 17:00,5.991625289246416
2025-05-08 18:00,6.194058387647931
2025-05-08 19:00,5.843223298740088
2025-05-08 20:00,6.46649867444256
2025-05-08 21:00,8.159354212075245
2025-05-08 22:00,8.074625013868646
2025-05-08 23:00,7.829565008506528
2025-05-09 00:00,9.736789073847767
2025-05-09 01:00,8.290353385062277
2025-05-09 02:00,10.673272837693387
2025-05-09 03:00,12.388315576827312
2025-05-09 04:00,20.485729578894762
2025-05-09 05:00,22.294725493563917
2025-05-09 06:00,31.76175293259608
2025-05-09 07:00,35.98850517421196
2025-05-09 08:00,42.02970883172506
2025-05-09 09:00,46.50337271898786
2025-05-09 10:00,48.87524312440894
2025-05-09 11:00,52.343779094064196
2025-05-09 12:00,52.78426315616722
2025-05-09 13:00,52.63928084533483
2025-05-09 14:00,54.48215692226788
2025-05-09 15:00,54.20802447573586
2025-05-09 16:00,52.01433258137925
2025-05-09 17:00,53.94388186926881
2025-05-09 18:00,56.799972891984915
2025-05-09 19:00,56.778990953358814
2025-05-09 20:00,57.529187892519616
2025-05-09 21:00,59.1539138501998
2025-05-09 22:00,60.177298237579464
2025-05-09 23:00,59.227607100038696
2025-05-10 00:00,56.738924830233884
2025-05-10 01:00,56.506927747142534
2025-05-10 02:00,56.04012590290675
2025-05-10 03:00,51.79311265166716
2025-05-10 04:00,47.46382906025446
2025-05-10 05:00,46.19300408679422
2025-05-10 06:00,39.115919799417384
2025-05-10 07:00,41.952443911084124
2025-05-10 08:00,44.7831204575456
2025-05-10 09:00,46.319361476576475
2025-05-10 10:00,47.0334651655597
2025-05-10 11:00,47.91585282821332
2025-05-10 12:00,48.2597573913663
2025-05-10 13:00,47.67297341074212
2025-05-10 14:00,46.735390935826544
2025-05-10 15:00,47.12617307313057
2025-05-10 16:00,43.931207656246706
2025-05-10 17:00,40.13713341638042
2025-05-10 18:00,36.15640135334985
2025-05-10 19:00,31.94077889653901
2025-05-10 20:00,31.439984889761924
2025-05-10 21:00,28.817452505987745
2025-05-10 22:00,25.287502482935295
2025-05-10 23:00,24.05506340819793
2025-05-11 00:00,26.045461893682315
2025-05-11 01:00,21.832272559568686
2025-05-11 02:00,17.363982933595373
2025-05-11 03:00,12.952881868750545
2025-05-11 04:00,10.247307898070254
2025-05-11 05:00,6.5544471972234835
2025-05-11 06:00,4.41152834738108
2025-05-11 07:00,2.860174264866484
2025-05-11 08:00,2.3162774228838376
2025-05-11 09:00,2.9364700698784247
2025-05-11 10:00,4.987416772467319
2025-05-11 11:00,5.55534206138373
2025-05-11 12:00,6.184396266833927
2025-05-11 13:00,5.426959735143649
2025-05-11 14:00,5.566643687680157
2025-05-11 15:00,4.413885326276478
2025-05-11 16:00,3.496276517943703
2025-05-11 17:00,3.9253127068783575
2025-05-11 18:00,3.5553757672676873
2025-05-11 19:00,2.6839785166795593
2025-05-11 20:00,2.2639204200431875
2025-05-11 21:00,4.486152977068286
2025-05-11 22:00,5.6089099608389095
2025-05-11 23:00,5.70624142040754
2025-05-12 00:00,4.451030984100779
2025-05-12 01:00,4.360305685457278
2025-05-12 02:00,7.793191378146143
2025-05-12 03:00,7.374987921590241
2025-05-12 04:00,9.001574009708083
2025-05-12 05:00,8.356353744772676
2025-05-12 06:00,8.616919462978961
2025-05-12 07:00,7.002679050782413
2025-05-12 08:00,8.560525132612872
2025-05-12 09:00,8.378518645541797
2025-05-12 10:00,9.41776385916506
2025-05-12 11:00,12.115772444651306
2025-05-12 12:00,18.520098736043582
2025-05-12 13:00,18.33520403541571
2025-05-12 14:00,20.784471924200503
2025-05-12 15:00,22.793727447276186
2025-05-12 16:00,23.52434537704157
2025-05-12 17:00,28.31002029020994
2025-05-12 18:00,30.81035616883618
2025-05-12 19:00,29.162398981161758
2025-05-12 20:00,33.95882577834893
2025-05-12 21:00,33.99021281550372
2025-05-12 22:00,35.707086051521074
2025-05-12 23:00,36.22210975342621
2025-05-13 00:00,28.262930869987265
2025-05-13 01:00,28.912331613463486
2025-05-13 02:00,32.557480562307276
2025-05-13 03:00,32.01627686614201
2025-05-13 04:00,33.51963199658816
2025-05-13 05:00,35.08480770958783
2025-05-13 06:00,31.886376606112115
2025-05-13 07:00,33.12083346986016
2025-05-13 08:00,33.97854257578451
2025-05-13 09:00,35.76657665048136
2025-05-13 10:00,34.34588072850695
2025-05-13 11:00,33.9201004724741
2025-05-13 12:00,29.775380642571072
2025-05-13 13:00,28.686850121290774
2025-05-13 14:00,28.320537412551502
2025-05-13 15:00,26.62074567916721
2025-05-13 16:00,25.155176481605352
2025-05-13 17:00,28.306556448661425
2025-05-13 18:00,25.59723080453147
2025-05-13 19:00,26.813980048175345
2025-05-13 20:00,25.641196101096423
2025-05-13 21:00,25.12676913404388
2025-05-13 22:00,23.799181414912027
2025-05-13 23:00,21.077060183480814
2025-05-14 00:00,18.39743429596229
2025-05-14 01:00,14.447013626529351
2025-05-14 02:00,10.77369269398196
2025-05-14 03:00,12.300661022003556
2025-05-14 04:00,9.08223512513188
2025-05-14 05:00,9.773186276036139
2025-05-14 06:00,10.833151160158202
2025-05-14 07:00,11.41004340776638
2025-05-14 08:00,12.33956491405994
2025-05-14 09:00,13.897253943399281
2025-05-14 10:00,15.841859248946026
2025-05-14 11:00,19.0368946776599
2025-05-14 12:00,27.121306329787302
2025-05-14 13:00,26.757861462621374
2025-05-14 14:00,25.599637488274908
2025-05-14 15:00,29.068098682795217
2025-05-14 16:00,30.949641953012446
2025-05-14 17:00,31.60201165575161
2025-05-14 18:00,30.004167916781064
2025-05-14 19:00,28.701167982893622
2025-05-14 20:00,29.40067630352886
2025-05-14 21:00,25.56807962429514
2025-05-14 22:00,27.879425549302027
2025-05-14 23:00,27.574720048015273
2025-05-15 00:00,27.91795735926201
2025-05-15 01:00,30.940911251844287
2025-05-15 02:00,36.31827009974574
2025-05-15 03:00,35.545205271859835
2025-05-15 04:00,33.33611875253333
2025-05-15 05:00,26.331672952588853
2025-05-15 06:00,30.724980195558253
2025-05-15 07:00,26.89754615285734
2025-05-15 08:00,20.812278399694783
2025-05-15 09:00,27.52542286833882
2025-05-15 10:00,30.1619729895049
2025-05-15 11:00,27.803168345023078
2025-05-15 12:00,26.64732494527047
2025-05-15 13:00,25.272584542424816
2025-05-15 14:00,20.078405104102117
2025-05-15 15:00,20.92939566137794
2025-05-15 16:00,19.96426388128984
2025-05-15 17:00,16.87723677042014
2025-05-15 18:00,16.344153549297104
2025-05-15 19:00,17.035436487335794
2025-05-15 20:00,18.370456457655997
2025-05-15 21:00,16.003688381081524
2025-05-15 22:00,18.24440083595707
2025-05-15 23:00,16.48566121674257
2025-05-16 00:00,14.530415904727464
2025-05-16 01:00,16.269015943578857
2025-05-16 02:00,14.94399702369616
2025-05-16 03:00,18.81561855631171
2025-05-16 04:00,18.388399502685903
2025-05-16 05:00,12.616919892324542
2025-05-16 06:00,12.281372744286344
2025-05-16 07:00,12.704055108040254
2025-05-16 08:00,12.719666678067263
2025-05-16 09:00,17.058180073808007
2025-05-16 10:00,20.586389156679864
2025-05-16 11:00,21.24516437249178
2025-05-16 12:00,20.109412311788475
2025-05-16 13:00,21.72745900353707
2025-05-16 14:00,19.134796115572243
2025-05-16 15:00,23.334787959087464
2025-05-16 16:00,26.0288182420784
2025-05-16 17:00,31.466623276708813
2025-05-16 18:00,28.83124789411002
2025-05-16 19:00,33.839087657507505
2025-05-16 20:00,29.59261034200068
2025-05-16 21:00,25.019482921935452
2025-05-16 22:00,21.74576112811215
2025-05-16 23:00,16.680105450308762
2025-05-17 00:00,15.75056074038882
2025-05-17 01:00,17.491746245652095
2025-05-17 02:00,18.419295364330672
2025-05-17 03:00,15.038812183955887
2025-05-17 04:00,15.117973937345532
2025-05-17 05:00,15.979162469986022
2025-05-17 06:00,15.59948113388697
2025-05-17 07:00,12.802331231719918
2025-05-17 08:00,9.951797238257443
2025-05-17 09:00,8.295401147587436
2025-05-17 10:00,4.087792132681802
2025-05-17 11:00,1.510288786312778
2025-05-17 12:00,1.5397622819146801
2025-05-17 13:00,2.7592225820537535
2025-05-17 14:00,4.279549002285737
2025-05-17 15:00,6.791348300190301
2025-05-17 16:00,7.938156231545321
2025-05-17 17:00,10.686326438386487
2025-05-17 18:00,9.960980958709913
2025-05-17 19:00,11.008145965109797
2025-05-17 20:00,8.652349406019558
2025-05-17 21:00,11.015699563991548
2025-05-17 22:00,12.336475679550201
2025-05-17 23:00,17.520939496743004
2025-05-18 00:00,13.353130785940303
2025-05-18 01:00,10.760643399421353
2025-05-18 02:00,8.864925994416918
2025-05-18 03:00,6.983649375622537
2025-05-18 04:00,6.617187211357034
2025-05-18 05:00,7.426091165538065
2025-05-18 06:00,4.770552300720721
2025-05-18 07:00,5.109459629234726
2025-05-18 08:00,7.472093523240869
2025-05-18 09:00,4.334663037754958
2025-05-18 10:00,2.241780342544011
2025-05-18 11:00,2.678261014551124
2025-05-18 12:00,3.025285400945499
2025-05-18 13:00,2.8709237275994672
2025-05-18 14:00,3.150882160025324
2025-05-18 15:00,3.1242144747971
2025-05-18 16:00,3.5213972726694487
2025-05-18 17:00,2.4359357470591827
2025-05-18 18:00,1.6618445037955214
2025-05-18 19:00,0.8314221398570543
2025-05-18 20:00,0.41558077960926115
2025-05-18 21:00,0.148190846755685
2025-05-18 22:00,0.07863711134337033
2025-05-18 23:00,0.10726895374310505
2025-05-19 00:00,0.356780241251182
2025-05-19 01:00,0.6752085555833824
2025-05-19 02:00,2.315684314253879
2025-05-19 03:00,6.569338910702441
2025-05-19 04:00,12.021019159669098
2025-05-19 05:00,13.198165464013002
2025-05-19 06:00,19.51186835906401
2025-05-19 07:00,24.439073820535498
2025-05-19 08:00,32.01873839123275
2025-05-19 09:00,40.56015630700422
2025-05-19 10:00,45.07219794726538
2025-05-19 11:00,48.4022261459199
2025-05-19 12:00,48.29462228981835
2025-05-19 13:00,47.00590415937256
2025-05-19 14:00,45.55530084400226
2025-05-19 15:00,46.77173725948388
2025-05-19 16:00,45.78648224693825
2025-05-19 17:00,43.559797776555406
2025-05-19 18:00,45.07908901982165
2025-05-19 19:00,46.11982519851993
2025-05-19 20:00,49.38315111597636
2025-05-19 21:00,48.86177160777265
2025-05-19 22:00,48.685308808154986
2025-05-19 23:00,50.3468873959174
2025-05-20 00:00,51.37324023316077
2025-05-20 01:00,52.365588384478286
2025-05-20 02:00,50.31265028399662
2025-05-20 03:00,49.17992983738526
2025-05-20 04:00,46.75417403842491
2025-05-20 05:00,43.23735007855538
2025-05-20 06:00,36.74690757397446
2025-05-20 07:00,29.129438742083728
2025-05-20 08:00,34.46418707967403
2025-05-20 09:00,35.567424170644934
2025-05-20 10:00,35.751360537057906
2025-05-20 11:00,37.8920585070253
2025-05-20 12:00,38.83550957703099
2025-05-20 13:00,36.192731159053956
2025-05-20 14:00,35.38236897332368
2025-05-20 15:00,35.42672819263708
2025-05-20 16:00,32.56839287112291
2025-05-20 17:00,29.72906041735817
2025-05-20 18:00,28.4571578141868
2025-05-20 19:00,25.98370768782553
2025-05-20 20:00,27.703033748387902
2025-05-20 21:00,23.553207992451593
2025-05-20 22:00,23.071344546079775
2025-05-20 23:00,23.947131960339554
2025-05-21 00:00,19.1933433085389
2025-05-21 01:00,14.879921266718451
2025-05-21 02:00,14.22684105461041
2025-05-21 03:00,15.324041707619504
2025-05-21 04:00,12.025520113146676
2025-05-21 05:00,13.123298988791735
2025-05-21 06:00,14.301503457057455
2025-05-21 07:00,13.449198610090704
2025-05-21 08:00,8.515071451081626
2025-05-21 09:00,6.054495970586264
2025-05-21 10:00,4.450772020530103
2025-05-21 11:00,2.1277341146575046
2025-05-21 12:00,2.4373348069136718
2025-05-21 13:00,0.5790408763928403
2025-05-21 14:00,0.8540185823987144
2025-05-21 15:00,0.6304624033758011
2025-05-21 16:00,0.5873920659289723
2025-05-21 17:00,0.614483031677281
2025-05-21 18:00,0.8101110918778001
2025-05-21 19:00,2.093872023020321
2025-05-21 20:00,2.9633977723304747
2025-05-21 21:00,4.8595818020499175
2025-05-21 22:00,5.62092196037362
2025-05-21 23:00,7.264818350976623
2025-05-22 00:00,10.747905008307963
2025-05-22 01:00,13.055021350669106
2025-05-22 02:00,12.73100533596055
2025-05-22 03:00,13.291417607638358
2025-05-22 04:00,12.42819100918492
2025-05-22 05:00,13.606684737312554
2025-05-22 06:00,8.311538734065548
2025-05-22 07:00,5.503489928185126
2025-05-22 08:00,3.411910203793365
2025-05-22 09:00,3.5125441762703815
2025-05-22 10:00,3.9410044117589713
2025-05-22 11:00,5.028181040274042
2025-05-22 12:00,5.427974955133545
2025-05-22 13:00,4.281678003706934
2025-05-22 14:00,6.828374195069463
2025-05-22 15:00,6.164385843750443
2025-05-22 16:00,5.57697129524359
2025-05-22 17:00,3.3986660005705547
2025-05-22 18:00,2.467009825361314
2025-05-22 19:00,1.675060343877472
2025-05-22 20:00,1.296347653480224
2025-05-22 21:00,0.7942236838882455
2025-05-22 22:00,1.8768937666588537
2025-05-22 23:00,3.011549248372601
2025-05-23 00:00,4.06104057114711
2025-05-23 01:00,4.839284354180581
2025-05-23 02:00,5.013764935725143
2025-05-23 03:00,4.5316393854788775
2025-05-23 04:00,4.0018635260355495
2025-05-23 05:00,2.35592230812291
2025-05-23 06:00,1.630331379526124
2025-05-23 07:00,1.0322848678699204
2025-05-23 08:00,0.4637185695792944
2025-05-23 09:00,0.8423036306295019
2025-05-23 10:00,0.9492034866527959
2025-05-23 11:00,1.043423690616282
2025-05-23 12:00,1.5840586438615958
2025-05-23 13:00,3.613407647059419
2025-05-23 14:00,4.6990745833307646
2025-05-23 15:00,3.8212927614319607
2025-05-23 16:00,3.805091695132643
2025-05-23 17:00,1.0422072076683584
2025-05-23 18:00,1.3283866764630052
2025-05-23 19:00,0.9180620736846541
2025-05-23 20:00,2.019464008591305
2025-05-23 21:00,1.6292613745734643
2025-05-23 22:00,0.9648295482932409
2025-05-23 23:00,0.6269700144514344
2025-05-24 00:00,0.23909460682242528
2025-05-24 01:00,1.288515029555381
2025-05-24 02:00,1.7328139659364514
2025-05-24 03:00,5.303273724730721
2025-05-24 04:00,8.321538633028371
2025-05-24 05:00,7.555452159770347
2025-05-24 06:00,6.473542278552715
2025-05-24 07:00,7.02601010913322
2025-05-24 08:00,5.2943915113694935
2025-05-24 09:00,5.180866377701991
2025-05-24 10:00,5.147716857490106
2025-05-24 11:00,4.6693439449011835
2025-05-24 12:00,4.730236643425045
2025-05-24 13:00,5.148603359793469
2025-05-24 14:00,7.228549221736113
2025-05-24 15:00,8.093320169079645
2025-05-24 16:00,11.892433311640811
2025-05-24 17:00,14.645338198648107
2025-05-24 18:00,14.962471792179342
2025-05-24 19:00,13.834773282219654
2025-05-24 20:00,12.13198761808439
2025-05-24 21:00,12.194859013001711
2025-05-24 22:00,14.102444452777743
2025-05-24 23:00,15.528576000033262
2025-05-25 00:00,15.71707569492602
2025-05-25 01:00,17.150280152573245
2025-05-25 02:00,18.346250897055725
2025-05-25 03:00,14.96715760142964
2025-05-25 04:00,16.026002828086266
2025-05-25 05:00,16.535229096856767
2025-05-25 06:00,12.58870329251497
2025-05-25 07:00,8.047089969706919
2025-05-25 08:00,5.499154284108728
2025-05-25 09:00,3.8721597823313343
2025-05-25 10:00,3.4962342076484183
2025-05-25 11:00,3.182906587108601
2025-05-25 12:00,3.209661834962293
2025-05-25 13:00,3.7071913878291696
2025-05-25 14:00,4.2707514570360035
2025-05-25 15:00,3.9437430178428303
2025-05-25 16:00,3.6091134427669083
2025-05-25 17:00,2.1319628523333343
2025-05-25 18:00,0.9766092126836917
2025-05-25 19:00,0.4619253302624527
2025-05-25 20:00,0.16428169909274934
2025-05-25 21:00,0.11386324543538957
2025-05-25 22:00,0.5605376838429504
2025-05-25 23:00,0.4441821327872058
2025-05-26 00:00,0.3931662969789023
2025-05-26 01:00,0.441221024315295
2025-05-26 02:00,0.3151203917042287
2025-05-26 03:00,0.17731542937404032
2025-05-26 04:00,0.2782620124655892
2025-05-26 05:00,0.7678438530898505
2025-05-26 06:00,0.9347230216629219
2025-05-26 07:00,1.3147770957113287
2025-05-26 08:00,2.7860788976686406
2025-05-26 09:00,4.095536057890187
2025-05-26 10:00,4.949078453348605
2025-05-26 11:00,5.530691117994609
2025-05-26 12:00,7.991048827267515
2025-05-26 13:00,9.259372645853981
2025-05-26 14:00,11.760054639687572
2025-05-26 15:00,10.83699707275659
2025-05-26 16:00,8.6293033405691
2025-05-26 17:00,6.669595463548315
2025-05-26 18:00,5.134140865319606
2025-05-26 19:00,4.908562298613193
2025-05-26 20:00,6.158965370453638
2025-05-26 21:00,4.6832967923086155
2025-05-26 22:00,3.505168981689713
2025-05-26 23:00,4.610028053169547
2025-05-27 00:00,1.5825284595810492
2025-05-27 01:00,0.7937748371087734
2025-05-27 02:00,0.7975748168427939
2025-05-27 03:00,0.4347299336851609
2025-05-27 04:00,0.4186890956604786
2025-05-27 05:00,0.330328166610894
2025-05-27 06:00,0.15817799646925768
2025-05-27 07:00,0.27649825442354475
2025-05-27 08:00,0.5552310166757523
2025-05-27 09:00,1.00428703563332
2025-05-27 10:00,1.125093199574864
2025-05-27 11:00,2.208729504081638
2025-05-27 12:00,1.865845397346211
2025-05-27 13:00,2.129462742461444
2025-05-27 14:00,2.9394307659211405
2025-05-27 15:00,2.8472831487050856
2025-05-27 16:00,2.0100772991654345
2025-05-27 17:00,1.7704611821830618
2025-05-27 18:00,1.487365641193765
2025-05-27 19:00,0.4549069246857495
2025-05-27 20:00,0.1924212743271398
2025-05-27 21:00,0.2224758576308267
2025-05-27 22:00,0.0044302968167779875
2025-05-27 23:00,0.22177710864097103
2025-05-28 00:00,0.02427122862797849
2025-05-28 01:00,0.038347467219596566
2025-05-28 02:00,0.09613246276250244
2025-05-28 03:00,0.19182589726303717
2025-05-28 04:00,0.10758097399826039
2025-05-28 05:00,0.002642472722734595
2025-05-28 06:00,0.14795724797891882
2025-05-28 07:00,0.005932324661865098
2025-05-28 08:00,0.010117169491040823
2025-05-28 09:00,0.10784380511076855
2025-05-28 10:00,0.1318948648503252
2025-05-28 11:00,0.36380090234816503
2025-05-28 12:00,1.1682542703085956
2025-05-28 13:00,2.8422136295732536
2025-05-28 14:00,4.491381095715906
2025-05-28 15:00,6.566677731763129
2025-05-28 16:00,4.960401752062963
2025-05-28 17:00,5.305758331300002
2025-05-28 18:00,3.6390112486289627
2025-05-28 19:00,2.2867504644228265
2025-05-28 20:00,2.4624867223978564
2025-05-28 21:00,2.3821007753195627
2025-05-28 22:00,1.679176912048188
2025-05-28 23:00,1.416463986901242
2025-05-29 00:00,0.4978406776661059
2025-05-29 01:00,0.5307536379287717
2025-05-29 02:00,0.7132503200884568
2025-05-29 03:00,0.809812234617276
2025-05-29 04:00,0.7888490482259678
2025-05-29 05:00,0.3821565812749649
2025-05-29 06:00,0.21697738884244258
2025-05-29 07:00,0.08490112793284754
2025-05-29 08:00,0.11417369423625064
2025-05-29 09:00,0.09056911539060283
2025-05-29 10:00,0.26407704471555093
2025-05-29 11:00,0.9389790649736329
2025-05-29 12:00,3.3438502333198477
2025-05-29 13:00,5.259031588322266
2025-05-29 14:00,7.620920079348081
2025-05-29 15:00,9.538325513745006
2025-05-29 16:00,10.100654529758245
2025-05-29 17:00,8.759556347808955
2025-05-29 18:00,7.722574728419691
2025-05-29 19:00,5.191134266193326
2025-05-29 20:00,1.4803516071420089
2025-05-29 21:00,0.5359435857151861
2025-05-29 22:00,0.25889803314173565
2025-05-29 23:00,0.1981065034249367
2025-05-30 00:00,0.6649165392422354
2025-05-30 01:00,0.8704714220334577
2025-05-30 02:00,0.5808598684525093
2025-05-30 03:00,0.3613066571265461
2025-05-30 04:00,0.11713119781960078
2025-05-30 05:00,0.14810186148913018
2025-05-30 06:00,0.3254483944233861
2025-05-30 07:00,0.4125473080587325
2025-05-30 08:00,0.12227698596482967
2025-05-30 09:00,0.20061131810822824
2025-05-30 10:00,0.14324778257249302
2025-05-30 11:00,2.0832518540335316
2025-05-30 12:00,3.7463644066778437
2025-05-30 13:00,6.5759893986294
2025-05-30 14:00,7.156969759658998
2025-05-30 15:00,9.177873304371023
2025-05-30 16:00,7.572208387409338
2025-05-30 17:00,6.836836138134587
2025-05-30 18:00,4.196527479074863
2025-05-30 19:00,3.4442429957918073
2025-05-30 20:00,1.8937260224906658
2025-05-30 21:00,0.9723907319728708
2025-05-30 22:00,0.43354581388705726
2025-05-30 23:00,0.5327636808088313
2025-05-31 00:00,0.4197845940523697
2025-05-31 01:00,0.3895469897484025
2025-05-31 02:00,0.32974689448256
2025-05-31 03:00,0.3075537788996585
2025-05-31 04:00,0.2199256226977177
2025-05-31 05:00,0.3885859583026379
2025-05-31 06:00,0.13567446551020482
2025-05-31 07:00,0.2807976565716956
2025-05-31 08:00,0.08146267000631173
2025-05-31 09:00,0.03817197597803215
2025-05-31 10:00,0.13349584966507855
2025-05-31 11:00,0.18445807827511193
2025-05-31 12:00,0.8434245816673983
2025-05-31 13:00,1.6935869390041596
2025-05-31 14:00,2.7133890357178174
2025-05-31 15:00,3.102025458328405
2025-05-31 16:00,3.09112183829302
2025-05-31 17:00,2.8930746712225934
2025-05-31 18:00,1.2733578829303305
2025-05-31 19:00,0.699372527254535
2025-05-31 20:00,0.28195415336874274
2025-05-31 21:00,0.22814598218863247
2025-05-31 22:00,0.12057522860868346
2025-05-31 23:00,0.07377326999950219
2025-06-01 00:00,0.09851686535285374
2025-06-01 01:00,0.01011770680181556
2025-06-01 02:00,2.333004800486435e-05
2025-06-01 03:00,0.013349085284287104
2025-06-01 04:00,0.09838472702344916
2025-06-01 05:00,0.05515201699047143
2025-06-01 06:00,0.3012804490127502
2025-06-01 07:00,0.15199847451932108
2025-06-01 08:00,0.0
2025-06-01 09:00,0.03351066049084019
2025-06-01 10:00,0.03076369814511948
2025-06-01 11:00,0.11915539001743422
2025-06-01 12:00,0.2054692093609171
2025-06-01 13:00,0.854035072590484
2025-06-01 14:00,1.4744851936159487
2025-06-01 15:00,2.2292683161985587
2025-06-01 16:00,1.1382629083220934
2025-06-01 17:00,0.6945154724947793
2025-06-01 18:00,0.6055728379582109
2025-06-01 19:00,0.21184774986962562
2025-06-01 20:00,0.09787354076139303
2025-06-01 21:00,0.15554690053896655
2025-06-01 22:00,0.14945398389253464
2025-06-01 23:00,0.10362623243937968
2025-06-02 00:00,0.10109347687311887
2025-06-02 01:00,0.19903052107295405
2025-06-02 02:00,0.1968707043052317
2025-06-02 03:00,0.18180123713848603
2025-06-02 04:00,0.2474669617573481
2025-06-02 05:00,0.19143034872985293
2025-06-02 06:00,0.2017789359870099
2025-06-02 07:00,0.2981198791125122
2025-06-02 08:00,0.8936978402789425
2025-06-02 09:00,0.6831924522483456
2025-06-02 10:00,1.6183378477182553
2025-06-02 11:00,5.083023184011802
2025-06-02 12:00,6.8410728180388904
2025-06-02 13:00,4.908923064313705
2025-06-02 14:00,3.0705082110644577
2025-06-02 15:00,3.426995790519846
2025-06-02 16:00,4.496758801003996
2025-06-02 17:00,5.3380479744545974
2025-06-02 18:00,6.447864294716347
2025-06-02 19:00,6.285433380108833
2025-06-02 20:00,8.265592043692616
2025-06-02 21:00,8.486344051522885
2025-06-02 22:00,8.029216460485197
2025-06-02 23:00,7.653970251861701
2025-06-03 00:00,8.189908162272815
2025-06-03 01:00,8.615956062049264
2025-06-03 02:00,6.921087179336912
2025-06-03 03:00,8.166480464122852
2025-06-03 04:00,7.145109283160758
2025-06-03 05:00,8.515464189054784
2025-06-03 06:00,9.540216302108517
2025-06-03 07:00,7.903622887076152
2025-06-03 08:00,5.52871113306577
2025-06-03 09:00,10.328900975293488
2025-06-03 10:00,6.23650849620646
2025-06-03 11:00,3.337546012730904
2025-06-03 12:00,5.6312048963717345
2025-06-03 13:00,8.612071043776664
2025-06-03 14:00,10.89048432141097
2025-06-03 15:00,9.30412694709227
2025-06-03 16:00,11.431033766554894
2025-06-03 17:00,10.241102804699002
2025-06-03 18:00,6.912368497192184
2025-06-03 19:00,7.324510793021828
2025-06-03 20:00,8.58457948423444
2025-06-03 21:00,7.983656596449917
2025-06-03 22:00,9.329752551308811
2025-06-03 23:00,9.141985101601838
2025-06-04 00:00,9.955363198198004
2025-06-04 01:00,11.593973754623802
2025-06-04 02:00,13.450939042840016
2025-06-04 03:00,16.927121299455088
2025-06-04 04:00,19.6572621892188
2025-06-04 05:00,16.770551604873248
2025-06-04 06:00,18.939643257833218
2025-06-04 07:00,17.384104724462656
2025-06-04 08:00,18.773410912485694
2025-06-04 09:00,16.27697047624673
2025-06-04 10:00,13.024362841226512
2025-06-04 11:00,10.651297547280715
2025-06-04 12:00,8.90393594198956
2025-06-04 13:00,7.704152894665212
2025-06-04 14:00,10.463923184511872
2025-06-04 15:00,11.46364782183861
2025-06-04 16:00,7.879734423640144
2025-06-04 17:00,6.645284214375114
2025-06-04 18:00,5.578181897893254
2025-06-04 19:00,4.62050282494345
2025-06-04 20:00,4.501693449155733
2025-06-04 21:00,4.610768414007187
2025-06-04 22:00,3.1690379052212876
2025-06-04 23:00,2.3332841166633167
2025-06-05 00:00,1.17450992492641
2025-06-05 01:00,1.3301962967154777
2025-06-05 02:00,1.6605946738331823
2025-06-05 03:00,1.0531877773984575
2025-06-05 04:00,0.9188286999726445
2025-06-05 05:00,1.1955672690475172
2025-06-05 06:00,0.9842646033356807
2025-06-05 07:00,0.19394131018751315
2025-06-05 08:00,0.13524594314554936
2025-06-05 09:00,0.5972254091209553
2025-06-05 10:00,0.7936035291750894
2025-06-05 11:00,1.973976665221004
2025-06-05 12:00,3.8281796844786564
2025-06-05 13:00,5.352642906264514
2025-06-05 14:00,6.01885112716826
2025-06-05 15:00,8.57343137737566
2025-06-05 16:00,10.398902133148406
2025-06-05 17:00,10.028160874069705
2025-06-05 18:00,12.89323844265243
2025-06-05 19:00,14.889410954650108
2025-06-05 20:00,15.580221299188635
2025-06-05 21:00,18.6628571980124
2025-06-05 22:00,20.608192478241243
2025-06-05 23:00,21.480590377223614
2025-06-06 00:00,19.790276703358604
2025-06-06 01:00,20.018340449492733
2025-06-06 02:00,22.567203686086458
2025-06-06 03:00,24.50699707136201
2025-06-06 04:00,20.381781112483758
2025-06-06 05:00,18.77020292922684
2025-06-06 06:00,18.050761202865388
2025-06-06 07:00,16.63004763677343
2025-06-06 08:00,17.20818058858883
2025-06-06 09:00,18.235571330896583
2025-06-06 10:00,18.377103707086864
2025-06-06 11:00,16.397812591075233
2025-06-06 12:00,18.269389967505333
2025-06-06 13:00,12.789793968361042
2025-06-06 14:00,10.927064276165499
2025-06-06 15:00,12.216143002953713
2025-06-06 16:00,13.07452795802519
2025-06-06 17:00,10.539245838305044
2025-06-06 18:00,12.82520386001828
2025-06-06 19:00,10.058571771170314
2025-06-06 20:00,11.106245996785319
2025-06-06 21:00,10.81367338039553
2025-06-06 22:00,9.294822234086773
2025-06-06 23:00,10.139214205014401
2025-06-07 00:00,13.018338252222836
2025-06-07 01:00,11.852549030720091
2025-06-07 02:00,11.007169531583747
2025-06-07 03:00,10.486347391452494
2025-06-07 04:00,10.17487938682367
2025-06-07 05:00,9.072677506935706
2025-06-07 06:00,7.99097475147458
2025-06-07 07:00,7.7571390030323455
2025-06-07 08:00,7.908961970182755
2025-06-07 09:00,8.13800808852208
2025-06-07 10:00,11.982284564584141
2025-06-07 11:00,15.068138765121331
2025-06-07 12:00,13.130474859476507
2025-06-07 13:00,12.475628196310268
2025-06-07 14:00,12.118049582701012
2025-06-07 15:00,12.051675074495575
2025-06-07 16:00,10.884339879070556
2025-06-07 17:00,9.833227049699499
2025-06-07 18:00,6.394541922064677
2025-06-07 19:00,3.143759801413162
2025-06-07 20:00,1.318949978318936
2025-06-07 21:00,0.9681550329078699
2025-06-07 22:00,0.7644243379696605
2025-06-07 23:00,0.49603910924187383
2025-06-08 00:00,0.5114708991398248
2025-06-08 01:00,0.40309900196284365
2025-06-08 02:00,0.3906795915027198
2025-06-08 03:00,0.18952871478880412
2025-06-08 04:00,0.4489981535639573
2025-06-08 05:00,0.3914469728300064
2025-06-08 06:00,0.6232795199633911
2025-06-08 07:00,0.19461317817126209
2025-06-08 08:00,0.08132872910424226
2025-06-08 09:00,0.07251141755463615
2025-06-08 10:00,0.15760799130023764
2025-06-08 11:00,0.027170452879373475
2025-06-08 12:00,0.3783605730778847
2025-06-08 13:00,1.062716958449705
2025-06-08 14:00,2.183164119554803
2025-06-08 15:00,2.821633944742049
2025-06-08 16:00,5.177147151740347
2025-06-08 17:00,4.065053661043849
2025-06-08 18:00,3.189852816734531
2025-06-08 19:00,2.6598512356246
2025-06-08 20:00,0.5809856963151834
2025-06-08 21:00,0.15704374188127385
2025-06-08 22:00,0.1672964821622165
2025-06-08 23:00,0.1959186628530712
2025-06-09 00:00,0.12816528665380258
2025-06-09 01:00,0.012858138526559126
2025-06-09 02:00,0.11255014679388571
2025-06-09 03:00,0.2039241303057574
2025-06-09 04:00,0.6173805785286023
2025-06-09 05:00,0.7027580723425293
2025-06-09 06:00,0.928406539457667
2025-06-09 07:00,1.1059142630584713
2025-06-09 08:00,1.1410232968322818
2025-06-09 09:00,1.5056874398110507
2025-06-09 10:00,0.8516144754750256
2025-06-09 11:00,0.2846511904471458
2025-06-09 12:00,0.4783505078026552
2025-06-09 13:00,0.8349197322388481
2025-06-09 14:00,1.7060041414825022
2025-06-09 15:00,2.6600879210242923
2025-06-09 16:00,3.3481499912560535
2025-06-09 17:00,3.5543911085414335
2025-06-09 18:00,2.3439949831415814
2025-06-09 19:00,0.8064093017887146
2025-06-09 20:00,0.22737108819452162
2025-06-09 21:00,0.17216569905703716
2025-06-09 22:00,0.1754112383778834
2025-06-09 23:00,0.5156158329101175
2025-06-10 00:00,0.46366591966852777
2025-06-10 01:00,0.7347343595257678
2025-06-10 02:00,1.3776575408727707
2025-06-10 03:00,2.999711147960413
2025-06-10 04:00,9.040934136424367
2025-06-10 05:00,10.189269396921112
2025-06-10 06:00,9.190888062569195
2025-06-10 07:00,4.0350200393750395
2025-06-10 08:00,1.988448412974782
2025-06-10 09:00,0.4024589061106849
2025-06-10 10:00,0.32411636211712286
2025-06-10 11:00,1.0411129478609118
2025-06-10 12:00,1.8127659350126577
2025-06-10 13:00,2.330152972935652
2025-06-10 14:00,2.460988987204872
2025-06-10 15:00,5.295288751034283
2025-06-10 16:00,3.379792529362628
2025-06-10 17:00,2.8435076817289717
2025-06-10 18:00,2.8341059509997635
2025-06-10 19:00,2.5183734314632273
2025-06-10 20:00,2.0570415670787057
2025-06-10 21:00,2.1163756826872477
2025-06-10 22:00,3.1311916472091847
2025-06-10 23:00,4.757025661102287
2025-06-11 00:00,4.810382541999503
2025-06-11 01:00,5.581695365371379
2025-06-11 02:00,3.9529545477889863
2025-06-11 03:00,4.127375835193346
2025-06-11 04:00,3.4726418618551307
2025-06-11 05:00,2.348097748923811
2025-06-11 06:00,1.564957600257049
2025-06-11 07:00,1.4583113479810752
2025-06-11 08:00,2.260109248573006
2025-06-11 09:00,1.9553011547624548
2025-06-11 10:00,2.159583497643131
2025-06-11 11:00,3.3551624078626343
2025-06-11 12:00,4.822988248296322
2025-06-11 13:00,6.12815492152159
2025-06-11 14:00,7.860142288193397
2025-06-11 15:00,9.77907366044186
2025-06-11 16:00,10.671593477072706
2025-06-11 17:00,11.478903156040495
2025-06-11 18:00,12.10577928622581
2025-06-11 19:00,8.60417659676729
2025-06-11 20:00,6.6803628277833145
2025-06-11 21:00,4.070134034388074
2025-06-11 22:00,2.991913979826175
2025-06-11 23:00,2.621219670692498
2025-06-12 00:00,0.5608272623935571
2025-06-12 01:00,0.9308732237047155
2025-06-12 02:00,0.19909057891799764
2025-06-12 03:00,0.4098305443880449
2025-06-12 04:00,0.39782187256359935
2025-06-12 05:00,0.2968622338404896
2025-06-12 06:00,0.23882993188217524
2025-06-12 07:00,0.10476047334771357
2025-06-12 08:00,0.10480348120840288
2025-06-12 09:00,0.10856107008611862
2025-06-12 10:00,0.1019400953987469
2025-06-12 11:00,0.03537518177477212
2025-06-12 12:00,0.1940092126045803
2025-06-12 13:00,0.10542884303989739
2025-06-12 14:00,0.2980983788554279
2025-06-12 15:00,0.7601105661636394
2025-06-12 16:00,2.5220531037170906
2025-06-12 17:00,2.251291539134512
2025-06-12 18:00,2.8181448930991904
2025-06-12 19:00,2.9412694187585213
2025-06-12 20:00,2.029841621785123
2025-06-12 21:00,1.48766199558481
2025-06-12 22:00,0.8839597548564939
2025-06-12 23:00,1.7520172920031416
2025-06-13 00:00,0.14538235082996068
2025-06-13 01:00,0.01372502105321828
2025-06-13 02:00,0.12890202396493528
2025-06-13 03:00,0.346748090186423
2025-06-13 04:00,0.49236457655001475
2025-06-13 05:00,0.7489825002728117
2025-06-13 06:00,1.4384499311115857
2025-06-13 07:00,1.4334309987067895
2025-06-13 08:00,3.1442430286974523
2025-06-13 09:00,3.701654243136323
2025-06-13 10:00,3.363707265923062
2025-06-13 11:00,3.781856006963938
2025-06-13 12:00,4.520762522348163
2025-06-13 13:00,5.9476625271877595
2025-06-13 14:00,5.738594965838931
2025-06-13 15:00,10.755691853905
2025-06-13 16:00,10.225934066350003
2025-06-13 17:00,8.556772183996731
2025-06-13 18:00,8.938386998774341
2025-06-13 19:00,11.547606380572805
2025-06-13 20:00,14.769570973971826
2025-06-13 21:00,15.50185142939127
2025-06-13 22:00,14.139266597656922
2025-06-13 23:00,17.409327776207906
2025-06-14 00:00,26.303318755274237
2025-06-14 01:00,28.549619903725517
2025-06-14 02:00,31.381181281452932
2025-06-14 03:00,31.192699499307402
2025-06-14 04:00,32.227599503578304
2025-06-14 05:00,31.513179703681594
2025-06-14 06:00,29.01309764155723
2025-06-14 07:00,21.63155002141818
2025-06-14 08:00,13.883239037987844
2025-06-14 09:00,16.711936813214287
2025-06-14 10:00,20.564116155011334
2025-06-14 11:00,23.46477593155045
2025-06-14 12:00,24.6333026173118
2025-06-14 13:00,20.84625253479239
2025-06-14 14:00,20.287888519224822
2025-06-14 15:00,17.225747270115722
2025-06-14 16:00,15.95234742832088
2025-06-14 17:00,13.597147636466849
2025-06-14 18:00,12.391916195512579
2025-06-14 19:00,9.338183585193349
2025-06-14 20:00,4.428394081208666
2025-06-14 21:00,1.053000116352727
2025-06-14 22:00,0.5359570971505931
2025-06-14 23:00,0.6353287530348164
2025-06-15 00:00,1.6089848057114935
2025-06-15 01:00,0.9981235691730356
2025-06-15 02:00,0.36356836435528256
2025-06-15 03:00,0.34426578530511276
2025-06-15 04:00,1.5309394523581008
2025-06-15 05:00,1.8768458447995693
2025-06-15 06:00,3.770323525466633
2025-06-15 07:00,5.432559488400333
2025-06-15 08:00,10.197946771211793
2025-06-15 09:00,8.601403177068327
2025-06-15 10:00,11.062881890867441
2025-06-15 11:00,19.618385904027786
2025-06-15 12:00,23.23063379922832
2025-06-15 13:00,24.145324380190004
2025-06-15 14:00,21.824261804778406
2025-06-15 15:00,26.304969483503832
2025-06-15 16:00,28.064109385665304
2025-06-15 17:00,31.84089226534919
2025-06-15 18:00,35.73636040402525
2025-06-15 19:00,34.59529496442465
2025-06-15 20:00,35.404240199322416
2025-06-15 21:00,40.229079958868766
2025-06-15 22:00,39.63688041650041
2025-06-15 23:00,38.00922363216877
2025-06-16 00:00,38.5528864515589
2025-06-16 01:00,40.415999194252116
2025-06-16 02:00,41.72005875926109
2025-06-16 03:00,38.41823486602905
2025-06-16 04:00,38.38243176330278
2025-06-16 05:00,37.61913999276
2025-06-16 06:00,37.244235893083925
2025-06-16 07:00,39.49023499979836
2025-06-16 08:00,38.80914960285568
2025-06-16 09:00,37.47502422344829
2025-06-16 10:00,38.39526859483543
2025-06-16 11:00,41.64729022274264
2025-06-16 12:00,42.63766732005925
2025-06-16 13:00,43.46522663529946
2025-06-16 14:00,42.89854324823126
2025-06-16 15:00,43.01617770285847
2025-06-16 16:00,43.87672355291729
2025-06-16 17:00,44.375955341637194
2025-06-16 18:00,45.534384889528155
2025-06-16 19:00,45.2116331441858
2025-06-16 20:00,44.03758854479937
2025-06-16 21:00,43.712153619761544
2025-06-16 22:00,43.58252314861198
2025-06-16 23:00,44.668412865540716
2025-06-17 00:00,43.14648222032494
2025-06-17 01:00,42.98227132022879
2025-06-17 02:00,43.73680547750228
2025-06-17 03:00,43.71619513791002
2025-06-17 04:00,46.43222047406241
2025-06-17 05:00,46.55608347797444
2025-06-17 06:00,45.08557017594751
2025-06-17 07:00,46.034466795444345
2025-06-17 08:00,45.04370649300152
2025-06-17 09:00,42.70286231849552
2025-06-17 10:00,42.17828377123305
2025-06-17 11:00,38.03928369245704
2025-06-17 12:00,36.143657982912515
2025-06-17 13:00,33.832667618247
2025-06-17 14:00,31.69775629198229
2025-06-17 15:00,30.35917452531504
2025-06-17 16:00,27.828664444947087
2025-06-17 17:00,22.20701168827131
2025-06-17 18:00,21.720466774692092
2025-06-17 19:00,22.917410668382285
2025-06-17 20:00,18.376891327346144
2025-06-17 21:00,14.810482448094895
2025-06-17 22:00,13.152112879097533
2025-06-17 23:00,12.158170453766449
2025-06-18 00:00,12.3980239548276
2025-06-18 01:00,13.375166519382429
2025-06-18 02:00,11.945034430180797
2025-06-18 03:00,9.1316754399821
2025-06-18 04:00,6.85834006748443
2025-06-18 05:00,4.397878659121168
2025-06-18 06:00,3.4323888588604645
2025-06-18 07:00,1.3164378046432215
2025-06-18 08:00,0.6424919943162859
2025-06-18 09:00,0.5093666582787111
2025-06-18 10:00,0.5115026583949254
2025-06-18 11:00,0.3473923490351597
2025-06-18 12:00,0.6647067961850963
2025-06-18 13:00,1.7389427219244478
2025-06-18 14:00,2.429844357851462
2025-06-18 15:00,3.08162682662377
2025-06-18 16:00,3.8108957721486414
2025-06-18 17:00,3.588588874694958
2025-06-18 18:00,2.5210398396096703
2025-06-18 19:00,1.2717301062620485
2025-06-18 20:00,1.732077217394624
2025-06-18 21:00,3.3856090308019255
2025-06-18 22:00,3.09887503585852
2025-06-18 23:00,3.5268865084720837
2025-06-19 00:00,3.9012924235338713
2025-06-19 01:00,5.877251310998284
2025-06-19 02:00,3.897230561781601
2025-06-19 03:00,3.1610453881059026
2025-06-19 04:00,3.2363099331266882
2025-06-19 05:00,3.14615113553202
2025-06-19 06:00,2.5186116970275427
2025-06-19 07:00,4.786451682787276
2025-06-19 08:00,5.101304439267319
2025-06-19 09:00,3.4372583641714494
2025-06-19 10:00,3.595634286810296
2025-06-19 11:00,4.954511563660581
2025-06-19 12:00,7.396046096397415
2025-06-19 13:00,12.05688255196457
2025-06-19 14:00,12.216231049232526
2025-06-19 15:00,13.142950138930523
2025-06-19 16:00,13.709568680566367
2025-06-19 17:00,13.97012053342469
2025-06-19 18:00,16.027304174237052
2025-06-19 19:00,19.272644400956498
2025-06-19 20:00,24.406924598242682
2025-06-19 21:00,28.07042649764047
2025-06-19 22:00,27.118361182210506
2025-06-19 23:00,29.91548402767777
2025-06-20 00:00,38.44793383561505
2025-06-20 01:00,40.76673620427834
2025-06-20 02:00,41.39318427382634
2025-06-20 03:00,43.665977066334456
2025-06-20 04:00,43.66671893541905
2025-06-20 05:00,47.645715104449444
2025-06-20 06:00,47.58802559082848
2025-06-20 07:00,50.64674930853075
2025-06-20 08:00,51.14043309109413
2025-06-20 09:00,52.20212150501321
2025-06-20 10:00,51.746509117677235
2025-06-20 11:00,49.63098651260755
2025-06-20 12:00,49.76884959338286
2025-06-20 13:00,49.73708344184653
2025-06-20 14:00,49.23025308249108
2025-06-20 15:00,51.42148228050514
2025-06-20 16:00,51.42719820593865
2025-06-20 17:00,51.17039027375371
2025-06-20 18:00,50.07434443780193
2025-06-20 19:00,48.169765943307446
2025-06-20 20:00,49.32379207695219
2025-06-20 21:00,48.66457943866478
2025-06-20 22:00,50.175039809842175
2025-06-20 23:00,49.792039431039626
2025-06-21 00:00,45.452425541365486
2025-06-21 01:00,43.976069164414724
2025-06-21 02:00,44.34888292893329
2025-06-21 03:00,41.96253493119535
2025-06-21 04:00,38.12139933944705
2025-06-21 05:00,36.74888178338997
2025-06-21 06:00,35.09247849288434
2025-06-21 07:00,33.218116657328004
2025-06-21 08:00,32.957254434620864
2025-06-21 09:00,32.68124095269343
2025-06-21 10:00,32.87673539366946
2025-06-21 11:00,31.77849778181703
2025-06-21 12:00,32.70787221331396
2025-06-21 13:00,34.08950021715688
2025-06-21 14:00,31.963132776843434
2025-06-21 15:00,33.15886881028051
2025-06-21 16:00,33.123329921411965
2025-06-21 17:00,23.87188870069208
2025-06-21 18:00,18.70984482075897
2025-06-21 19:00,15.398506972332571
2025-06-21 20:00,10.070729583878979
2025-06-21 21:00,3.495253623520476
2025-06-21 22:00,3.5769184622969563
2025-06-21 23:00,1.3820491410825508
2025-06-22 00:00,2.501777721001374
2025-06-22 01:00,0.7960991004742384
2025-06-22 02:00,1.2641110479997804
2025-06-22 03:00,1.0056244021219412
2025-06-22 04:00,0.7476732975549872
2025-06-22 05:00,1.19390302027783
2025-06-22 06:00,1.8421647848858644
2025-06-22 07:00,1.9737390815811415
2025-06-22 08:00,0.8870081426161207
2025-06-22 09:00,0.34866148242895256
2025-06-22 10:00,0.26185864708994916
2025-06-22 11:00,0.41698757014079474
2025-06-22 12:00,0.4090942930072843
2025-06-22 13:00,1.1143762204551177
2025-06-22 14:00,1.5435957230875466
2025-06-22 15:00,2.275365747049764
2025-06-22 16:00,2.381186991657066
2025-06-22 17:00,2.5164884421622404
2025-06-22 18:00,1.9567618716033635
2025-06-22 19:00,0.9688472616551013
2025-06-22 20:00,0.6269235209206565
2025-06-22 21:00,0.2938796051950091
2025-06-22 22:00,0.10980082803465521
2025-06-22 23:00,0.08401770458808296
2025-06-23 00:00,0.11052338120406688
2025-06-23 01:00,0.014766962958181973
2025-06-23 02:00,0.06833621881118536
2025-06-23 03:00,0.11731865337054995
2025-06-23 04:00,0.6342622192052892
2025-06-23 05:00,1.007138324189559
2025-06-23 06:00,0.43509468880831126
2025-06-23 07:00,0.43768655166699527
2025-06-23 08:00,0.5339883779170234
2025-06-23 09:00,0.21121748285471123
2025-06-23 10:00,1.6371710429621964
2025-06-23 11:00,2.7348321197130385
2025-06-23 12:00,3.286597275114296
2025-06-23 13:00,3.626122609634992
2025-06-23 14:00,4.665682253080983
2025-06-23 15:00,4.722939981163649
2025-06-23 16:00,3.930174344029509
2025-06-23 17:00,4.54494459303041
2025-06-23 18:00,3.6516962622021856
2025-06-23 19:00,2.2733498567842245
2025-06-23 20:00,0.9918491763755128
2025-06-23 21:00,0.5715115385304802
2025-06-23 22:00,1.2558192625225857
2025-06-23 23:00,0.5637045901318983
2025-06-24 00:00,1.3329500009676616
2025-06-24 01:00,0.82058542323924
2025-06-24 02:00,1.3194470003281082
2025-06-24 03:00,1.7138978485547267
2025-06-24 04:00,1.3674567802536242
2025-06-24 05:00,2.5653899280102297
2025-06-24 06:00,0.7077694169817835
2025-06-24 07:00,0.4437506085570475
2025-06-24 08:00,0.37420955901906805
2025-06-24 09:00,0.47750329115973633
2025-06-24 10:00,0.25544257227152245
2025-06-24 11:00,0.2667751633070115
2025-06-24 12:00,1.131110093143907
2025-06-24 13:00,0.8605373367245114
2025-06-24 14:00,1.1802807695056188
2025-06-24 15:00,0.8265158650905075
2025-06-24 16:00,1.2196809945392513
2025-06-24 17:00,0.5803348532764241
2025-06-24 18:00,0.6001172754616524
2025-06-24 19:00,0.5439461316855089
2025-06-24 20:00,0.5063361225636228
2025-06-24 21:00,0.4488081575504117
2025-06-24 22:00,0.8122371474329786
2025-06-24 23:00,0.686396717846675
2025-06-25 00:00,0.7553910208746575
2025-06-25 01:00,0.7788741233895458
2025-06-25 02:00,0.6880762750754797
2025-06-25 03:00,0.853918281024397
2025-06-25 04:00,1.4618545271301011
2025-06-25 05:00,2.412659193732395
2025-06-25 06:00,3.1955711611896525
2025-06-25 07:00,3.290024175667458
2025-06-25 08:00,3.0654605246302196
2025-06-25 09:00,2.5295262388132187
2025-06-25 10:00,3.839993112713989
2025-06-25 11:00,3.870371887781447
2025-06-25 12:00,9.989901432479032
2025-06-25 13:00,10.708301012769816
2025-06-25 14:00,13.378374483337735
2025-06-25 15:00,16.207501425409205
2025-06-25 16:00,16.369967523949484
2025-06-25 17:00,16.15596314828304
2025-06-25 18:00,14.675964048263669
2025-06-25 19:00,13.625267424790833
2025-06-25 20:00,11.898753185092074
2025-06-25 21:00,9.96327969031896
2025-06-25 22:00,9.953729899431382
2025-06-25 23:00,10.151260062240887
2025-06-26 00:00,6.741243551254875
2025-06-26 01:00,6.291661052394567
2025-06-26 02:00,5.830371703441012
2025-06-26 03:00,4.396809612765956
2025-06-26 04:00,4.502669309604249
2025-06-26 05:00,2.7675155377098184
2025-06-26 06:00,2.7373311381657808
2025-06-26 07:00,2.0450332579688153
2025-06-26 08:00,0.2153223236190261
2025-06-26 09:00,0.3046699327014685
2025-06-26 10:00,0.6400890071432472
2025-06-26 11:00,0.8887996429991827
2025-06-26 12:00,1.2075206910225078
2025-06-26 13:00,1.1790234207451977
2025-06-26 14:00,1.844370796991674
2025-06-26 15:00,2.1458267397971076
2025-06-26 16:00,1.728564437846237
2025-06-26 17:00,1.3709142686387694
2025-06-26 18:00,0.9054023679431156
2025-06-26 19:00,0.3338514523495615
2025-06-26 20:00,0.12971904465475853
2025-06-26 21:00,0.13025832887341263
2025-06-26 22:00,0.025580962556656896
2025-06-26 23:00,0.09977690096557906
2025-06-27 00:00,0.5761876024395949
2025-06-27 01:00,0.48451689535432907
2025-06-27 02:00,0.09749486741282277
2025-06-27 03:00,0.12440558420849093
2025-06-27 04:00,0.011244120898750832
2025-06-27 05:00,0.17511303393744346
2025-06-27 06:00,0.05491648868461631
2025-06-27 07:00,0.22390765039493365
2025-06-27 08:00,0.7410046404430746
2025-06-27 09:00,0.761477232804093
2025-06-27 10:00,0.6962001055008635
2025-06-27 11:00,0.6833014963916653
2025-06-27 12:00,1.0168584306598347
2025-06-27 13:00,0.9326857376445388
2025-06-27 14:00,1.042417340449349
2025-06-27 15:00,1.7867062729410488
2025-06-27 16:00,2.5767834810254087
2025-06-27 17:00,2.662073662548268
2025-06-27 18:00,3.6398477313456112
2025-06-27 19:00,3.56984379214431
2025-06-27 20:00,4.731826211461926
2025-06-27 21:00,5.397010062170919
2025-06-27 22:00,7.719249235485934
2025-06-27 23:00,8.242586935090872
2025-06-28 00:00,11.080306941765523
2025-06-28 01:00,10.48012330412049
2025-06-28 02:00,6.029275344313705
2025-06-28 03:00,5.171635829137582
2025-06-28 04:00,4.695715835448205
2025-06-28 05:00,2.883013179192786
2025-06-28 06:00,4.169395046792337
2025-06-28 07:00,3.598111467468801
2025-06-28 08:00,2.925322714936026
2025-06-28 09:00,4.8108827183197285
2025-06-28 10:00,5.87453733783625
2025-06-28 11:00,7.867909203072504
2025-06-28 12:00,10.452273287573655
2025-06-28 13:00,8.35547123128503
2025-06-28 14:00,7.123269050931434
2025-06-28 15:00,8.94913721687344
2025-06-28 16:00,9.6728833192923
2025-06-28 17:00,9.453170906938304
2025-06-28 18:00,8.29777912223496
2025-06-28 19:00,7.612141260071633
2025-06-28 20:00,5.5465906657373605
2025-06-28 21:00,7.967410645888393
2025-06-28 22:00,10.237292797544598
2025-06-28 23:00,9.670136342977049
2025-06-29 00:00,8.818391706846004
2025-06-29 01:00,8.990035943628275
2025-06-29 02:00,11.152390949124513
2025-06-29 03:00,8.234487676258354
2025-06-29 04:00,6.464495863990171
2025-06-29 05:00,3.4688559484635917
2025-06-29 06:00,2.4670696240572045
2025-06-29 07:00,0.9994971504851894
2025-06-29 08:00,2.0629828511768347
2025-06-29 09:00,3.9286695070779256
2025-06-29 10:00,6.792988224826913
2025-06-29 11:00,8.469261947728263
2025-06-29 12:00,9.417691300799868
2025-06-29 13:00,11.437801643002059
2025-06-29 14:00,15.036436179716908
2025-06-29 15:00,13.576682296409937
2025-06-29 16:00,12.413395259086544
2025-06-29 17:00,11.433454868459915
2025-06-29 18:00,12.074617300143515
2025-06-29 19:00,12.15658341327126
2025-06-29 20:00,12.012967110552673
2025-06-29 21:00,7.7695198710899565
2025-06-29 22:00,5.159476242089601
2025-06-29 23:00,4.854662793363529
2025-06-30 00:00,3.915845159161486
2025-06-30 01:00,3.5410020172068033
2025-06-30 02:00,3.138734912139805
2025-06-30 03:00,1.519147464998409
2025-06-30 04:00,1.3678489709889328
2025-06-30 05:00,0.9363007643066992
2025-06-30 06:00,0.6035455115647523
2025-06-30 07:00,0.5798164176866251
2025-06-30 08:00,0.7564462844537028
2025-06-30 09:00,1.988240656103602
2025-06-30 10:00,3.7307134749920596
2025-06-30 11:00,3.5464398008170255
2025-06-30 12:00,5.155432501180336
2025-06-30 13:00,6.728459597608186
2025-06-30 14:00,9.640892457443329
2025-06-30 15:00,10.121836654979688
2025-06-30 16:00,10.395177015088183
2025-06-30 17:00,8.380922007813192
2025-06-30 18:00,5.822745497975175
2025-06-30 19:00,5.907762794871252
2025-06-30 20:00,4.477869540239011
2025-06-30 21:00,2.1150966437484966
2025-06-30 22:00,1.66418153046589
2025-06-30 23:00,3.5768780537226474
2025-07-01 00:00,3.1145200109008675
2025-07-01 01:00,2.4749002106155746
2025-07-01 02:00,4.388376224993442
2025-07-01 03:00,4.373034161720788
2025-07-01 04:00,4.541449465261323
2025-07-01 05:00,2.8144826895872956
2025-07-01 06:00,2.584061122379997
2025-07-01 07:00,3.432506199574891
2025-07-01 08:00,4.148241261498947
2025-07-01 09:00,6.116207312943483
2025-07-01 10:00,6.634903124345099
2025-07-01 11:00,6.462230543886373
2025-07-01 12:00,6.459351639218186
2025-07-01 13:00,7.286267893351741
2025-07-01 14:00,8.5323354664114
2025-07-01 15:00,9.17124878042651
2025-07-01 16:00,8.877534012696358
2025-07-01 17:00,7.470745990076516
2025-07-01 18:00,6.478730527700394
2025-07-01 19:00,4.258863343707456
2025-07-01 20:00,2.6211825216925657
2025-07-01 21:00,1.7900987831487734
2025-07-01 22:00,1.5857710405201217
2025-07-01 23:00,1.9552096158089909
2025-07-02 00:00,4.957302539190049
2025-07-02 01:00,6.789589584710656
2025-07-02 02:00,8.52290774430295
2025-07-02 03:00,7.431356001164287
2025-07-02 04:00,5.6558907162541505
2025-07-02 05:00,6.99682839785107
2025-07-02 06:00,6.636183678795538
2025-07-02 07:00,6.955883032309409
2025-07-02 08:00,9.653785722570166
2025-07-02 09:00,12.346259575853882
2025-07-02 10:00,7.857608744163896
2025-07-02 11:00,7.460337119106297
2025-07-02 12:00,8.331352638539148
2025-07-02 13:00,8.91826103534267
2025-07-02 14:00,8.383046801656157
2025-07-02 15:00,7.110151852009936
2025-07-02 16:00,6.676027557907779
2025-07-02 17:00,5.75732220299121
2025-07-02 18:00,4.885750176238315
2025-07-02 19:00,5.953564752603587
2025-07-02 20:00,4.012448534293816
2025-07-02 21:00,4.976141826725802
2025-07-02 22:00,4.748837236772796
2025-07-02 23:00,4.937826857666692
2025-07-03 00:00,5.075254171975627
2025-07-03 01:00,6.216141705213445
2025-07-03 02:00,6.151033876973898
2025-07-03 03:00,7.900128399286972
2025-07-03 04:00,9.674303850206925
2025-07-03 05:00,9.97281336643236
2025-07-03 06:00,11.0395188125988
2025-07-03 07:00,11.294146510231203
2025-07-03 08:00,9.240949532487306
2025-07-03 09:00,8.51660085681957
2025-07-03 10:00,9.145887378970619
2025-07-03 11:00,9.672582989174028
2025-07-03 12:00,9.986391696093978
2025-07-03 13:00,9.125898346052711
2025-07-03 14:00,11.851295752393899
2025-07-03 15:00,12.672851768616177
2025-07-03 16:00,11.071825052829318
2025-07-03 17:00,11.516364471398226
2025-07-03 18:00,13.68694028160143
2025-07-03 19:00,15.565299529050936
2025-07-03 20:00,17.34194743244013
2025-07-03 21:00,19.478570705740935
2025-07-03 22:00,20.589215165062516
2025-07-03 23:00,23.328865287104144
2025-07-04 00:00,23.061550742896962
2025-07-04 01:00,24.72463277168523
2025-07-04 02:00,25.135520384233125
2025-07-04 03:00,27.086829382060827
2025-07-04 04:00,26.286149783805474
2025-07-04 05:00,27.571791282481065
2025-07-04 06:00,27.257685218958493
2025-07-04 07:00,22.644422629794054
2025-07-04 08:00,26.961632129302128
2025-07-04 09:00,26.766310166355993
2025-07-04 10:00,25.034342560211975
2025-07-04 11:00,23.72318017581984
2025-07-04 12:00,22.343855464692634
2025-07-04 13:00,26.080239130738306
2025-07-04 14:00,23.875130115317756
2025-07-04 15:00,23.70105875049125
2025-07-04 16:00,25.537406689801294
2025-07-04 17:00,25.843033980356175
2025-07-04 18:00,25.84186689770612
2025-07-04 19:00,23.56418814399514
2025-07-04 20:00,24.07557977252454
2025-07-04 21:00,22.294225875371158
2025-07-04 22:00,25.637774507655102
2025-07-04 23:00,25.049474958959664
2025-07-05 00:00,22.532352936595338
2025-07-05 01:00,20.655005105746227
2025-07-05 02:00,19.45680884466742
2025-07-05 03:00,19.044644629615945
2025-07-05 04:00,19.007932371539212
2025-07-05 05:00,19.76214009268457
2025-07-05 06:00,18.449996531640004
2025-07-05 07:00,19.416514687225973
2025-07-05 08:00,17.43748335467098
2025-07-05 09:00,15.282089785907095
2025-07-05 10:00,14.849393848029283
2025-07-05 11:00,14.094914965029247
2025-07-05 12:00,14.313707097767848
2025-07-05 13:00,13.801698939120275
2025-07-05 14:00,15.409776344888236
2025-07-05 15:00,15.718586886327884
2025-07-05 16:00,13.857234567802148
2025-07-05 17:00,13.146591129138177
2025-07-05 18:00,13.697189312708296
2025-07-05 19:00,14.073541359680716
2025-07-05 20:00,12.7697609308937
2025-07-05 21:00,10.81404268582765
2025-07-05 22:00,13.625957372412433
2025-07-05 23:00,16.19768057147746
2025-07-06 00:00,14.0365361362662
2025-07-06 01:00,17.52160956579442
2025-07-06 02:00,15.652234204456814
2025-07-06 03:00,14.231611324022069
2025-07-06 04:00,14.131819504892771
2025-07-06 05:00,13.077566227421148
2025-07-06 06:00,9.44936027035635
2025-07-06 07:00,7.27610226332046
2025-07-06 08:00,8.190170133880123
2025-07-06 09:00,6.209269687141619
2025-07-06 10:00,5.447985891103804
2025-07-06 11:00,4.45494382834081
2025-07-06 12:00,5.392282669236161
2025-07-06 13:00,5.085715509725196
2025-07-06 14:00,5.823477944711774
2025-07-06 15:00,6.4227465257288685
2025-07-06 16:00,6.773421233579184
2025-07-06 17:00,6.983256932688576
2025-07-06 18:00,7.6235286445106585
2025-07-06 19:00,10.161772856859269
2025-07-06 20:00,7.353392547714435
2025-07-06 21:00,7.206055441660039
2025-07-06 22:00,6.920116013716935
2025-07-06 23:00,4.848719415155146
2025-07-07 00:00,4.482346722845913
2025-07-07 01:00,2.982918853127755
2025-07-07 02:00,1.8361737044037785
2025-07-07 03:00,0.8755049812459313
2025-07-07 04:00,0.5904983541371769
2025-07-07 05:00,0.08291603040789157
2025-07-07 06:00,0.0352968902514486
2025-07-07 07:00,0.008250614805224698
2025-07-07 08:00,0.0
2025-07-07 09:00,0.0
2025-07-07 10:00,0.0
2025-07-07 11:00,4.953432223344223e-05
2025-07-07 12:00,0.05338077208669622
2025-07-07 13:00,0.4959161371390973
2025-07-07 14:00,1.2705974663399004
2025-07-07 15:00,2.5042812939086163
2025-07-07 16:00,2.722257287060207
2025-07-07 17:00,2.311015028751239
2025-07-07 18:00,1.7581551207806392
2025-07-07 19:00,1.3979031669779327
2025-07-07 20:00,2.0585898911227516
2025-07-07 21:00,1.801106614011688
2025-07-07 22:00,0.9811744222272911
2025-07-07 23:00,0.8715415765542445
2025-07-08 00:00,0.6638189335299121
2025-07-08 01:00,0.8628901291282165
2025-07-08 02:00,1.3159926234676587
2025-07-08 03:00,1.538386181128678
2025-07-08 04:00,1.878957676022111
2025-07-08 05:00,1.2186106094794644
2025-07-08 06:00,0.8456023233471819
2025-07-08 07:00,0.2011591567898487
2025-07-08 08:00,0.13867485139624533
2025-07-08 09:00,0.113113868782943
2025-07-08 10:00,0.10169213284728915
2025-07-08 11:00,0.5527380934969301
2025-07-08 12:00,1.1919027680910348
2025-07-08 13:00,1.1907001129212533
2025-07-08 14:00,1.6255061642439117
2025-07-08 15:00,3.640952220104678
2025-07-08 16:00,2.5545123776551817
2025-07-08 17:00,3.4536218308163327
2025-07-08 18:00,2.839466686094979
2025-07-08 19:00,2.039235728529748
2025-07-08 20:00,2.9180354629036542
2025-07-08 21:00,2.16478587307215
2025-07-08 22:00,1.55042877046142
2025-07-08 23:00,0.755424306421794
2025-07-09 00:00,0.25275892565318075
2025-07-09 01:00,0.2399041074904275
2025-07-09 02:00,0.3126263517893285
2025-07-09 03:00,0.305144370603205
2025-07-09 04:00,0.10847145571260379
2025-07-09 05:00,0.08712676775819934
2025-07-09 06:00,0.0368620454751871
2025-07-09 07:00,0.1194377838168218
2025-07-09 08:00,0.03595767342081981
2025-07-09 09:00,0.09364957112600047
2025-07-09 10:00,0.14455314217146284
2025-07-09 11:00,0.20954517999486957
2025-07-09 12:00,0.41499123482440115
2025-07-09 13:00,0.9845881424384844
2025-07-09 14:00,1.4720547366648038
2025-07-09 15:00,2.2316573877147317
2025-07-09 16:00,2.2086815298615856
2025-07-09 17:00,1.7341286373068032
2025-07-09 18:00,1.0311868441232372
2025-07-09 19:00,1.0913764660959444
2025-07-09 20:00,0.852003738447054
2025-07-09 21:00,0.6047516953572906
2025-07-09 22:00,0.7593260465289124
2025-07-09 23:00,1.0608657424728167
2025-07-10 00:00,0.9793686256436606
2025-07-10 01:00,0.9602051950366823
2025-07-10 02:00,0.8787447907782359
2025-07-10 03:00,1.2915999399042188
2025-07-10 04:00,1.667548883711329
2025-07-10 05:00,2.1123110792594186
2025-07-10 06:00,1.8713212530481904
2025-07-10 07:00,2.258002101721174
2025-07-10 08:00,1.901514466660558
2025-07-10 09:00,2.244154155518301
2025-07-10 10:00,2.1643554413546044
2025-07-10 11:00,3.0419583511138963
2025-07-10 12:00,4.293321766748637
2025-07-10 13:00,4.135769416915698
2025-07-10 14:00,4.625231555020402
2025-07-10 15:00,7.406094578617374
2025-07-10 16:00,8.560165502661384
2025-07-10 17:00,9.636851531456841
2025-07-10 18:00,7.555209589803274
2025-07-10 19:00,8.523747517083128
2025-07-10 20:00,7.283296960905882
2025-07-10 21:00,7.922864052065544
2025-07-10 22:00,7.210756834516447
2025-07-10 23:00,8.680727272592929
2025-07-11 00:00,4.190896232296331
2025-07-11 01:00,4.7172823181332655
2025-07-11 02:00,6.603240432678621
2025-07-11 03:00,6.054664392826469
2025-07-11 04:00,5.336576833508058
2025-07-11 05:00,6.605235689093211
2025-07-11 06:00,8.037779741046615
2025-07-11 07:00,8.356454423229014
2025-07-11 08:00,7.265612450963028
2025-07-11 09:00,7.24864776497658
2025-07-11 10:00,5.587586676879081
2025-07-11 11:00,4.162221923509487
2025-07-11 12:00,3.720114082321081
2025-07-11 13:00,3.401208058462842
2025-07-11 14:00,3.6199075646771255
2025-07-11 15:00,4.7145984463150725
2025-07-11 16:00,5.853273480765424
2025-07-11 17:00,4.571807827800111
2025-07-11 18:00,4.6486465884586226
2025-07-11 19:00,4.665241566290365
2025-07-11 20:00,4.125163632363726
2025-07-11 21:00,4.8408807777585405
2025-07-11 22:00,4.339187869303637
2025-07-11 23:00,3.480261387870291
2025-07-12 00:00,3.591843558554139
2025-07-12 01:00,1.5109743014205181
2025-07-12 02:00,1.1520390288527727
2025-07-12 03:00,2.4642641011396536
2025-07-12 04:00,2.5784215214983544
2025-07-12 05:00,2.5622303950741214
2025-07-12 06:00,1.7274535873261696
2025-07-12 07:00,1.1510871790341546
2025-07-12 08:00,0.6406426133826492
2025-07-12 09:00,0.2979819377805486
2025-07-12 10:00,0.0709460303727849
2025-07-12 11:00,0.34803581949508594
2025-07-12 12:00,0.14370088414516635
2025-07-12 13:00,0.26708822606618987
2025-07-12 14:00,0.8154898715546857
2025-07-12 15:00,2.0111252196454505
2025-07-12 16:00,3.2551717070440125
2025-07-12 17:00,2.6472404611811777
2025-07-12 18:00,1.390171793017355
2025-07-12 19:00,0.5750687647649547
2025-07-12 20:00,0.3690686177094256
2025-07-12 21:00,0.19034456216092177
2025-07-12 22:00,0.1466600894534961
2025-07-12 23:00,0.16274155930451178
2025-07-13 00:00,0.07323422697401903
2025-07-13 01:00,0.05669020904388527
2025-07-13 02:00,0.023855946973575612
2025-07-13 03:00,0.09671861932147438
2025-07-13 04:00,0.11853691347813003
2025-07-13 05:00,0.0028481629880094004
2025-07-13 06:00,0.0
2025-07-13 07:00,0.0
2025-07-13 08:00,0.07086409591298778
2025-07-13 09:00,0.07701841365639203
2025-07-13 10:00,0.059994271942807736
2025-07-13 11:00,0.02030011456278669
2025-07-13 12:00,0.027908457011410454
2025-07-13 13:00,0.27681284974958853
2025-07-13 14:00,0.8874838034524741
2025-07-13 15:00,0.1772800227613654
2025-07-13 16:00,0.09448915698067528
2025-07-13 17:00,0.3298513828868948
2025-07-13 18:00,0.1595320038567249
2025-07-13 19:00,0.43489278419522837
2025-07-13 20:00,1.0828574018401986
2025-07-13 21:00,0.7335771712905071
2025-07-13 22:00,2.752746758378173
2025-07-13 23:00,2.3938447035534747
2025-07-14 00:00,3.6160055056265445
2025-07-14 01:00,3.861904039465866
2025-07-14 02:00,3.679911046635616
2025-07-14 03:00,2.8943479552670714
2025-07-14 04:00,3.2890485786248154
2025-07-14 05:00,4.153289421362704
2025-07-14 06:00,2.3092260789225394
2025-07-14 07:00,2.2989614133955407
2025-07-14 08:00,2.028158070823969
2025-07-14 09:00,3.9534241780190222
2025-07-14 10:00,6.326120142601971
2025-07-14 11:00,8.172729102174987
2025-07-14 12:00,7.516863285709847
2025-07-14 13:00,9.098141559599235
2025-07-14 14:00,10.921874463825038
2025-07-14 15:00,16.331332663615246
2025-07-14 16:00,21.301420121584293
2025-07-14 17:00,20.34351596284263
2025-07-14 18:00,20.267429644168594
2025-07-14 19:00,20.75286584437943
2025-07-14 20:00,17.493313403582384
2025-07-14 21:00,18.544444260744967
2025-07-14 22:00,12.645236745493882
2025-07-14 23:00,8.816793542373627
2025-07-15 00:00,6.382993368967087
2025-07-15 01:00,7.907227224388626
2025-07-15 02:00,7.642711519887556
2025-07-15 03:00,8.168475605194018
2025-07-15 04:00,8.690049259410387
2025-07-15 05:00,7.501364055754383
2025-07-15 06:00,7.481794257112503
2025-07-15 07:00,17.556175751219804
2025-07-15 08:00,21.779002279432255
2025-07-15 09:00,21.931681756545753
2025-07-15 10:00,20.809984519564377
2025-07-15 11:00,17.29762291990565
2025-07-15 12:00,19.283209366862664
2025-07-15 13:00,16.199720975253157
2025-07-15 14:00,16.81423391721078
2025-07-15 15:00,16.700683899668906
2025-07-15 16:00,15.535656287401425
2025-07-15 17:00,12.07450228693679
2025-07-15 18:00,10.367652446923955
2025-07-15 19:00,8.154811721471678
2025-07-15 20:00,9.643871469689383
2025-07-15 21:00,12.590348914487528
2025-07-15 22:00,13.397939074604327
2025-07-15 23:00,18.019612560541017
2025-07-16 00:00,15.13336794492898
2025-07-16 01:00,17.99238175828809
2025-07-16 02:00,19.080001809422487
2025-07-16 03:00,17.609952859567976
2025-07-16 04:00,15.759969554249034
2025-07-16 05:00,14.083944136514997
2025-07-16 06:00,15.750954181973114
2025-07-16 07:00,19.755371132355556
2025-07-16 08:00,20.024693520451315
2025-07-16 09:00,26.32597937551949
2025-07-16 10:00,21.987048696795426
2025-07-16 11:00,22.890602991288095
2025-07-16 12:00,30.451547512050777
2025-07-16 13:00,29.783080209445764
2025-07-16 14:00,35.51582991695618
2025-07-16 15:00,35.82253151844319
2025-07-16 16:00,41.83145577597315
2025-07-16 17:00,40.1918156647017
2025-07-16 18:00,45.03070310278163
2025-07-16 19:00,42.87925815548442
2025-07-16 20:00,46.20772097750636
2025-07-16 21:00,46.98294388580396
2025-07-16 22:00,45.83556550864877
2025-07-16 23:00,47.01868555369348
2025-07-17 00:00,46.06739504194468
2025-07-17 01:00,43.824696352267665
2025-07-17 02:00,44.74345140949552
2025-07-17 03:00,46.2934873863273
2025-07-17 04:00,43.54060254320968
2025-07-17 05:00,45.88896842903179
2025-07-17 06:00,44.53318010480396
2025-07-17 07:00,44.08322764823615
2025-07-17 08:00,41.22876271587221
2025-07-17 09:00,38.024647283413145
2025-07-17 10:00,34.657296324923095
2025-07-17 11:00,30.449388707888282
2025-07-17 12:00,21.915634421196714
2025-07-17 13:00,26.52641495952049
2025-07-17 14:00,26.46547369610482
2025-07-17 15:00,28.90356190715532
2025-07-17 16:00,31.79209410307609
2025-07-17 17:00,33.74537369653332
2025-07-17 18:00,36.480986054856714
2025-07-17 19:00,37.40262934348368
2025-07-17 20:00,39.55758560339524
2025-07-17 21:00,38.98052729447478
2025-07-17 22:00,37.94269930763473
2025-07-17 23:00,37.7042387846938
2025-07-18 00:00,39.36611645633802
2025-07-18 01:00,35.474715620423936
2025-07-18 02:00,35.59749145718479
2025-07-18 03:00,34.036664224433245
2025-07-18 04:00,30.0354341832465
2025-07-18 05:00,30.979730573735893
2025-07-18 06:00,29.371830675222995
2025-07-18 07:00,25.357401646085087
2025-07-18 08:00,24.646005475359388
2025-07-18 09:00,20.10770818345999
2025-07-18 10:00,17.059835534757074
2025-07-18 11:00,15.438243983372463
2025-07-18 12:00,14.833110575566131
2025-07-18 13:00,13.425303129659506
2025-07-18 14:00,10.389373639479485
2025-07-18 15:00,9.967451396059582
2025-07-18 16:00,12.583096024338731
2025-07-18 17:00,7.584585240528531
2025-07-18 18:00,9.591505101568586
2025-07-18 19:00,6.151236326421236
2025-07-18 20:00,8.788567469741931
2025-07-18 21:00,9.499595447639463
2025-07-18 22:00,12.629808739317676
2025-07-18 23:00,15.066091553878193
2025-07-19 00:00,21.201462142893668
2025-07-19 01:00,21.24292668117698
2025-07-19 02:00,22.09005518472064
2025-07-19 03:00,25.868663587369454
2025-07-19 04:00,25.060556616185693
2025-07-19 05:00,24.548767443582
2025-07-19 06:00,25.612425155944642
2025-07-19 07:00,21.92539776689557
2025-07-19 08:00,23.0949793293563
2025-07-19 09:00,21.076797105610275
2025-07-19 10:00,24.44782889168952
2025-07-19 11:00,26.180922476919438
2025-07-19 12:00,28.376065689767806
2025-07-19 13:00,33.41535965590458
2025-07-19 14:00,34.048801192876326
2025-07-19 15:00,34.72120839537213
2025-07-19 16:00,33.93015183954064
2025-07-19 17:00,32.549257368894146
2025-07-19 18:00,27.597072379263647
2025-07-19 19:00,29.9305314522716
2025-07-19 20:00,27.93961730255032
2025-07-19 21:00,28.323023131158664
2025-07-19 22:00,27.35641730166329
2025-07-19 23:00,25.431160208735868
2025-07-20 00:00,21.64038391991459
2025-07-20 01:00,17.412635872736974
2025-07-20 02:00,17.39431047178158
2025-07-20 03:00,19.5408616057418
2025-07-20 04:00,16.53880481938286
2025-07-20 05:00,15.814134523117595
2025-07-20 06:00,16.32754117692664
2025-07-20 07:00,14.749112584536096
2025-07-20 08:00,17.91898891912946
2025-07-20 09:00,15.107686700010545
2025-07-20 10:00,15.267372230203486
2025-07-20 11:00,14.703261863399767
2025-07-20 12:00,16.320223313405577
2025-07-20 13:00,18.312456028267402
2025-07-20 14:00,15.106156763496344
2025-07-20 15:00,13.589156406665113
2025-07-20 16:00,13.792173608982486
2025-07-20 17:00,13.241795300101913
2025-07-20 18:00,10.550566268633194
2025-07-20 19:00,7.857020869745137
2025-07-20 20:00,8.729554684352678
2025-07-20 21:00,6.629416976443158
2025-07-20 22:00,8.624750658279769
2025-07-20 23:00,12.333423683696953
2025-07-21 00:00,12.839951189440143
2025-07-21 01:00,16.31102498708041
2025-07-21 02:00,16.04011456182003
2025-07-21 03:00,12.539519020674202
2025-07-21 04:00,11.55930618389026
2025-07-21 05:00,11.677426727632522
2025-07-21 06:00,11.599505273485303
2025-07-21 07:00,11.907866699409796
2025-07-21 08:00,12.510690206146231
2025-07-21 09:00,11.77522148813487
2025-07-21 10:00,11.65299702922453
2025-07-21 11:00,11.385156424910576
2025-07-21 12:00,8.114874614578154
2025-07-21 13:00,3.6976561811330617
2025-07-21 14:00,4.270148903689991
2025-07-21 15:00,2.2878076637316287
2025-07-21 16:00,2.451119907072355
2025-07-21 17:00,3.04460741730692
2025-07-21 18:00,3.6755608803943085
2025-07-21 19:00,3.244288573735652
2025-07-21 20:00,1.9827047849895079
2025-07-21 21:00,1.0190358779851136
2025-07-21 22:00,1.62630651129487
2025-07-21 23:00,1.5351744555772204
2025-07-22 00:00,0.6877758868184122
2025-07-22 01:00,0.6145417536024025
2025-07-22 02:00,0.5981399650053353
2025-07-22 03:00,1.025182030416052
2025-07-22 04:00,0.7507388400512955
2025-07-22 05:00,1.1517668610624305
2025-07-22 06:00,2.0104526955473707
2025-07-22 07:00,0.33327427437514284
2025-07-22 08:00,0.2595671069040467
2025-07-22 09:00,0.3631809316260982
2025-07-22 10:00,0.30687603601432367
2025-07-22 11:00,0.6171958975912252
2025-07-22 12:00,1.1798784097293566
2025-07-22 13:00,1.3359739960951842
2025-07-22 14:00,2.1135708338549515
2025-07-22 15:00,2.4468762086887534
2025-07-22 16:00,2.448072668762903
2025-07-22 17:00,1.6059290051316717
2025-07-22 18:00,1.0637005053857511
2025-07-22 19:00,0.8595478792744228
2025-07-22 20:00,0.5365922137828733
2025-07-22 21:00,0.2565235112568315
2025-07-22 22:00,0.23291242329042203
2025-07-22 23:00,0.10674890282722083
2025-07-23 00:00,0.033283908495283385
2025-07-23 01:00,0.04103555146307473
2025-07-23 02:00,0.05263381305786593
2025-07-23 03:00,0.03934783480681922
2025-07-23 04:00,0.04398209889957969
2025-07-23 05:00,0.08211129218208574
2025-07-23 06:00,0.19077747261665925
2025-07-23 07:00,0.06119943635865121
2025-07-23 08:00,0.06519754227161535
2025-07-23 09:00,0.0
2025-07-23 10:00,0.000469439530373358
2025-07-23 11:00,0.010895974637606574
2025-07-23 12:00,0.143210562724143
2025-07-23 13:00,0.48873828202705927
2025-07-23 14:00,2.1774419632459847
2025-07-23 15:00,2.9928070622526723
2025-07-23 16:00,3.8386336135206003
2025-07-23 17:00,3.176231190111384
2025-07-23 18:00,2.7859474919905614
2025-07-23 19:00,2.299958616805734
2025-07-23 20:00,1.1339838687840202
2025-07-23 21:00,0.8054721047440302
2025-07-23 22:00,0.6075440058626493
2025-07-23 23:00,0.44873584918560916
2025-07-24 00:00,0.1658264117838109
2025-07-24 01:00,0.061409862667353626
2025-07-24 02:00,0.06082539267713537
2025-07-24 03:00,0.11399430542059226
2025-07-24 04:00,0.1960464109791049
2025-07-24 05:00,0.29727162333639756
2025-07-24 06:00,0.17312525920140814
2025-07-24 07:00,0.0396698601323216
2025-07-24 08:00,0.06315357857147158
2025-07-24 09:00,0.03038652037714717
2025-07-24 10:00,0.015608078282838491
2025-07-24 11:00,0.09420375342692547
2025-07-24 12:00,0.3213129858621916
2025-07-24 13:00,0.8995950406148898
2025-07-24 14:00,1.9477478939877833
2025-07-24 15:00,3.211682239337602
2025-07-24 16:00,3.5136179432730703
2025-07-24 17:00,3.212782786784162
2025-07-24 18:00,3.6563435492565626
2025-07-24 19:00,3.2862545184698067
2025-07-24 20:00,1.792325581437224
2025-07-24 21:00,1.3035214513465796
2025-07-24 22:00,0.4971220867213111
2025-07-24 23:00,0.2556931321116136
2025-07-25 00:00,0.10409077783364415
2025-07-25 01:00,0.05177547901809203
2025-07-25 02:00,0.06132031487210677
2025-07-25 03:00,0.08358378175965045
2025-07-25 04:00,0.05839931839627414
2025-07-25 05:00,0.02293503304450473
2025-07-25 06:00,0.022714159339489157
2025-07-25 07:00,0.056894492112419315
2025-07-25 08:00,0.08867324866195073
2025-07-25 09:00,0.0008168572436540083
2025-07-25 10:00,0.0076534919184147844
2025-07-25 11:00,0.04338925999396002
2025-07-25 12:00,0.1844524648204653
2025-07-25 13:00,0.36197381557909425
2025-07-25 14:00,0.34239425867038886
2025-07-25 15:00,1.016703178576674
2025-07-25 16:00,1.7229546748025675
2025-07-25 17:00,1.7865474962843404
2025-07-25 18:00,1.8926766502761776
2025-07-25 19:00,1.5027699021036827
2025-07-25 20:00,0.8495129679619267
2025-07-25 21:00,0.9895694911260549
2025-07-25 22:00,0.79520244030284
2025-07-25 23:00,0.866533178536057
2025-07-26 00:00,0.750510440699132
2025-07-26 01:00,1.5081827618877761
2025-07-26 02:00,1.4657603984526277
2025-07-26 03:00,1.565263869108389
2025-07-26 04:00,2.2041369869382685
2025-07-26 05:00,3.202643180711016
2025-07-26 06:00,3.040484444021615
2025-07-26 07:00,4.04068392000777
2025-07-26 08:00,3.648380451427271
2025-07-26 09:00,4.129380314385178
2025-07-26 10:00,2.8951219908549457
2025-07-26 11:00,3.4301797834188994
2025-07-26 12:00,3.5598980759738232
2025-07-26 13:00,3.653349880615127
2025-07-26 14:00,4.095056849386103
2025-07-26 15:00,2.9507544430206196
2025-07-26 16:00,4.212319340557537
2025-07-26 17:00,4.7862904289022605
2025-07-26 18:00,4.608238204278286
2025-07-26 19:00,3.9974959140044817
2025-07-26 20:00,4.204912647253861
2025-07-26 21:00,4.6099677187349455
2025-07-26 22:00,3.5491114905985053
2025-07-26 23:00,2.8300138026017243
2025-07-27 00:00,2.190166089276927
2025-07-27 01:00,2.9095112913702974
2025-07-27 02:00,3.2201234045284024
2025-07-27 03:00,4.0691644356511185
2025-07-27 04:00,4.990377064065584
2025-07-27 05:00,4.407341376637429
2025-07-27 06:00,4.68598864388804
2025-07-27 07:00,3.235788607942884
2025-07-27 08:00,2.4207642143516743
2025-07-27 09:00,2.0293879847642513
2025-07-27 10:00,2.450684394182777
2025-07-27 11:00,0.9579164049929437
2025-07-27 12:00,0.704444926745019
2025-07-27 13:00,1.7999196882827833
2025-07-27 14:00,1.8395377758323965
2025-07-27 15:00,2.4843588334382214
2025-07-27 16:00,1.820631267055271
2025-07-27 17:00,1.8539236299664226
2025-07-27 18:00,0.9428624839393183
2025-07-27 19:00,1.0291659369807284
2025-07-27 20:00,0.43447207458215675
2025-07-27 21:00,0.1500447081299348
2025-07-27 22:00,0.05267548389600595
2025-07-27 23:00,0.10363948684978984
2025-07-28 00:00,0.16938950868851876
2025-07-28 01:00,0.08905439665915756
2025-07-28 02:00,0.19740348380609685
2025-07-28 03:00,0.061532491774804784
2025-07-28 04:00,0.15371539290772446
2025-07-28 05:00,0.09184971187220889
2025-07-28 06:00,0.15484333469326955
2025-07-28 07:00,0.0698413243381997
2025-07-28 08:00,0.0041922003359103465
2025-07-28 09:00,2.9617780448497256e-05
2025-07-28 10:00,0.08663853041481957
2025-07-28 11:00,0.20527048427509192
2025-07-28 12:00,0.8912122503264086
2025-07-28 13:00,1.3747778314907875
2025-07-28 14:00,2.6271994697981422
2025-07-28 15:00,3.0311497647764747
2025-07-28 16:00,3.247773748481258
2025-07-28 17:00,2.117859613493384
2025-07-28 18:00,1.9669616798975296
2025-07-28 19:00,1.263274871016214
2025-07-28 20:00,1.1539712165549156
2025-07-28 21:00,0.5190893757822963
2025-07-28 22:00,0.7446363950160032
2025-07-28 23:00,0.5296973172214081
2025-07-29 00:00,0.15003339068153784
2025-07-29 01:00,0.017025361320731243
2025-07-29 02:00,0.009515096306432116
2025-07-29 03:00,0.0
2025-07-29 04:00,0.0
2025-07-29 05:00,0.036518289903924216
2025-07-29 06:00,0.04981815253525075
2025-07-29 07:00,0.040922680798274644
2025-07-29 08:00,0.06622882358522839
2025-07-29 09:00,0.038857710977400484
2025-07-29 10:00,0.0
2025-07-29 11:00,0.0
2025-07-29 12:00,0.17639240588285807
2025-07-29 13:00,0.2579500382564375
2025-07-29 14:00,0.5048222035247208
2025-07-29 15:00,1.2877270896990092
2025-07-29 16:00,1.8556628811377398
2025-07-29 17:00,1.2283275404530087
2025-07-29 18:00,0.8573949006412895
2025-07-29 19:00,0.358702714490464
2025-07-29 20:00,0.16107125765718452
2025-07-29 21:00,0.03584612731776653
2025-07-29 22:00,0.10781599830524326
2025-07-29 23:00,0.06941752453142175
2025-07-30 00:00,0.0006431247457437345
2025-07-30 01:00,0.0
2025-07-30 02:00,0.0
2025-07-30 03:00,0.0
2025-07-30 04:00,0.06071557052605865
2025-07-30 05:00,0.0018967943892195303
2025-07-30 06:00,0.03202851070192178
2025-07-30 07:00,0.05832984802142871
2025-07-30 08:00,0.055480651918043994
2025-07-30 09:00,0.0962697019194663
2025-07-30 10:00,0.0346311411534773
2025-07-30 11:00,0.0256189944125087
2025-07-30 12:00,0.3280271196233627
2025-07-30 13:00,0.3540227021241444
2025-07-30 14:00,0.9093445177596791
2025-07-30 15:00,1.2549496347311035
2025-07-30 16:00,1.3518293903723022
2025-07-30 17:00,1.3682959162605415
2025-07-30 18:00,0.8624219216737591
2025-07-30 19:00,1.4724886233784567
2025-07-30 20:00,2.646699647856078
2025-07-30 21:00,3.3830192983090703
2025-07-30 22:00,3.2188434883238957
2025-07-30 23:00,2.9002603593846086
2025-07-31 00:00,4.85476913279044
2025-07-31 01:00,4.493582419985772
2025-07-31 02:00,3.516465625863993
2025-07-31 03:00,4.615703778898215
2025-07-31 04:00,3.082153473603621
2025-07-31 05:00,2.900978780564129
2025-07-31 06:00,1.7967248995365857
2025-07-31 07:00,1.6796255706167273
2025-07-31 08:00,2.2823348603643128
2025-07-31 09:00,2.1101226435727782
2025-07-31 10:00,2.05649010140499
2025-07-31 11:00,2.550890718850171
2025-07-31 12:00,2.726458326887408
2025-07-31 13:00,2.512645965610754
2025-07-31 14:00,4.226931915587008
2025-07-31 15:00,3.6710832983203243
2025-07-31 16:00,3.163454433925542
2025-07-31 17:00,3.86165640932717
2025-07-31 18:00,3.841182346806615
2025-07-31 19:00,1.4989173044459645
2025-07-31 20:00,1.5633253314567135
2025-07-31 21:00,0.6758656772682473
2025-07-31 22:00,0.4687722041264445
2025-07-31 23:00,0.5231839244123061
2025-08-01 00:00,0.16200142268998907
2025-08-01 01:00,0.12607523917133057
2025-08-01 02:00,0.08918237432139452
2025-08-01 03:00,0.02667758580734741
2025-08-01 04:00,0.029857431321897682
2025-08-01 05:00,0.13178840872742778
2025-08-01 06:00,0.00018619599603261064
2025-08-01 07:00,0.022269014992902864
2025-08-01 08:00,0.12908851196642954
2025-08-01 09:00,0.0
2025-08-01 10:00,0.019234318530806507
2025-08-01 11:00,0.08154236592421092
2025-08-01 12:00,0.2736473171947543
2025-08-01 13:00,0.5930557116921809
2025-08-01 14:00,1.0156505259254685
2025-08-01 15:00,1.5704515080216774
2025-08-01 16:00,1.951976984645531
2025-08-01 17:00,1.5991476907177082
2025-08-01 18:00,0.8548597999070262
2025-08-01 19:00,0.5543102262213018
2025-08-01 20:00,0.26613311780440535
2025-08-01 21:00,0.04205160624097974
2025-08-01 22:00,0.19704593792282088
2025-08-01 23:00,0.001645602851145552
2025-08-02 00:00,0.03909784685662053
2025-08-02 01:00,0.0
2025-08-02 02:00,0.0009202242551354684
2025-08-02 03:00,0.0002187491101759098
2025-08-02 04:00,0.22491543729567415
2025-08-02 05:00,0.2829339801573954
2025-08-02 06:00,0.09387798049034911
2025-08-02 07:00,0.03647156458198427
2025-08-02 08:00,0.0
2025-08-02 09:00,0.023545562338665376
2025-08-02 10:00,0.07354177876927656
2025-08-02 11:00,0.034452601960214886
2025-08-02 12:00,0.21778900264118184
2025-08-02 13:00,0.36637900055171857
2025-08-02 14:00,0.923821692187391
2025-08-02 15:00,1.4402525219762758
2025-08-02 16:00,1.3406352072507608
2025-08-02 17:00,0.8166789868011644
2025-08-02 18:00,0.36767938946021184
2025-08-02 19:00,0.14242784153484708
2025-08-02 20:00,0.08266965267750905
2025-08-02 21:00,0.030947750454413666
2025-08-02 22:00,0.06405229516545578
2025-08-02 23:00,0.00825047247358923
2025-08-03 00:00,0.06675791539866872
2025-08-03 01:00,0.02370338035014991
2025-08-03 02:00,0.05921170218154454
2025-08-03 03:00,0.012798050198891568
2025-08-03 04:00,0.1733123790466219
2025-08-03 05:00,0.1592373895284145
2025-08-03 06:00,0.4545161703279846
2025-08-03 07:00,0.012097856602768515
2025-08-03 08:00,0.28719365594011065
2025-08-03 09:00,0.1619942638738977
2025-08-03 10:00,0.1074607105156771
2025-08-03 11:00,0.24888899073258391
2025-08-03 12:00,1.649811348301708
2025-08-03 13:00,3.076434771673986
2025-08-03 14:00,3.974221566108854
2025-08-03 15:00,2.9714526290723047
2025-08-03 16:00,3.791761454912212
2025-08-03 17:00,2.8320061611756824
2025-08-03 18:00,2.079809363089081
2025-08-03 19:00,3.091252178155441
2025-08-03 20:00,5.0570392066710035
2025-08-03 21:00,7.259509355506374
2025-08-03 22:00,12.03365953447664
2025-08-03 23:00,14.195218285210686
2025-08-04 00:00,32.63304384729214
2025-08-04 01:00,38.15571936357785
2025-08-04 02:00,39.26433992398478
2025-08-04 03:00,38.46388733195129
2025-08-04 04:00,36.51858503489453
2025-08-04 05:00,33.369077956581236
2025-08-04 06:00,35.228250602862744
2025-08-04 07:00,32.54655228143778
2025-08-04 08:00,32.53477987615928
2025-08-04 09:00,29.5605598492905
2025-08-04 10:00,32.08760725613894
2025-08-04 11:00,28.760975766476093
2025-08-04 12:00,27.509283040876834
2025-08-04 13:00,27.675156271280784
2025-08-04 14:00,26.805756593090912
2025-08-04 15:00,24.231499587552744
2025-08-04 16:00,26.77730550057316
2025-08-04 17:00,24.56218853431861
2025-08-04 18:00,25.030328912918435
2025-08-04 19:00,23.416445613944425
2025-08-04 20:00,22.385783148373473
2025-08-04 21:00,19.224664272386853
2025-08-04 22:00,19.296230213798058
2025-08-04 23:00,14.506748811215644
2025-08-05 00:00,1.4870100774897066
2025-08-05 01:00,0.6275489731386228
2025-08-05 02:00,0.5314580018046395
2025-08-05 03:00,0.3153835891473599
2025-08-05 04:00,0.5386404259984756
2025-08-05 05:00,0.7333884101432402
2025-08-05 06:00,1.0794757254652958
2025-08-05 07:00,0.9333877713722201
2025-08-05 08:00,1.6637302918947694
2025-08-05 09:00,2.745488244167703
2025-08-05 10:00,7.178549778606689
2025-08-05 11:00,5.996364177384061
2025-08-05 12:00,7.602811789530348
2025-08-05 13:00,11.014756929627156
2025-08-05 14:00,12.19216873887611
2025-08-05 15:00,13.224188069169884
2025-08-05 16:00,16.446201133034975
2025-08-05 17:00,19.498263751035743
2025-08-05 18:00,22.702528180892806
2025-08-05 19:00,28.626029194821804
2025-08-05 20:00,33.02532209865183
2025-08-05 21:00,36.210352061939695
2025-08-05 22:00,37.04847465744264
2025-08-05 23:00,39.183098215796115
2025-08-06 00:00,37.01500395156799
2025-08-06 01:00,37.45164733711763
2025-08-06 02:00,37.60546985302162
2025-08-06 03:00,40.534684728025724
2025-08-06 04:00,36.19308534179187
2025-08-06 05:00,35.707091707202345
2025-08-06 06:00,37.499286116646964
2025-08-06 07:00,34.77954958681936
2025-08-06 08:00,32.27158991376225
2025-08-06 09:00,33.93128634300102
2025-08-06 10:00,33.12447240010988
2025-08-06 11:00,33.66066300728213
2025-08-06 12:00,33.15082776643704
2025-08-06 13:00,32.94376233461685
2025-08-06 14:00,29.866671199401402
2025-08-06 15:00,28.953869037469843
2025-08-06 16:00,26.854661725331972
2025-08-06 17:00,23.77891259889636
2025-08-06 18:00,20.916526620789984
2025-08-06 19:00,19.11969661295623
2025-08-06 20:00,16.420596847927836
2025-08-06 21:00,13.782871477407806
2025-08-06 22:00,13.878555523536278
2025-08-06 23:00,13.296623925503024
2025-08-07 00:00,11.31971192056004
2025-08-07 01:00,7.080915753937565
2025-08-07 02:00,6.2631958390481195
2025-08-07 03:00,5.240173770635101
2025-08-07 04:00,3.3718779222582898
2025-08-07 05:00,3.2067875193919053
2025-08-07 06:00,2.297574878422386
2025-08-07 07:00,1.005757573597716
2025-08-07 08:00,0.5661139051801827
2025-08-07 09:00,0.7342982654662087
2025-08-07 10:00,1.2671420889857923
2025-08-07 11:00,0.9520838459577053
2025-08-07 12:00,1.622355183913391
2025-08-07 13:00,1.5936430014741632
2025-08-07 14:00,1.7971336235717092
2025-08-07 15:00,2.5709756627727165
2025-08-07 16:00,2.234900573244172
2025-08-07 17:00,2.4852772251784963
2025-08-07 18:00,2.4146058395239285
2025-08-07 19:00,0.9068720020508004
2025-08-07 20:00,0.6065430096126604
2025-08-07 21:00,0.5143102838817527
2025-08-07 22:00,0.2227810230701505
2025-08-07 23:00,0.254468099109882
2025-08-08 00:00,0.33880778618646207
2025-08-08 01:00,0.3704604903643281
2025-08-08 02:00,0.5988184277033287
2025-08-08 03:00,0.3598589489549929
2025-08-08 04:00,0.8508558462362926
2025-08-08 05:00,0.36696449739632
2025-08-08 06:00,0.07344454857293115
2025-08-08 07:00,0.08316711186299493
2025-08-08 08:00,0.007836870398971551
2025-08-08 09:00,0.0
2025-08-08 10:00,0.007860845889343201
2025-08-08 11:00,0.0
2025-08-08 12:00,0.003205357959706992
2025-08-08 13:00,0.395368775667949
2025-08-08 14:00,0.823360657887829
2025-08-08 15:00,1.4115200507481314
2025-08-08 16:00,1.5218151108851539
2025-08-08 17:00,1.3330190909481787
2025-08-08 18:00,0.4588421072661757
2025-08-08 19:00,0.08434442470829999
2025-08-08 20:00,0.020587391535784868
2025-08-08 21:00,0.04428953973735686
2025-08-08 22:00,0.0
2025-08-08 23:00,7.776858138774283e-06
2025-08-09 00:00,0.0760066859294238
2025-08-09 01:00,0.017464412657749055
2025-08-09 02:00,0.07273062965281579
2025-08-09 03:00,0.47848483252096713
2025-08-09 04:00,0.8595681373757448
2025-08-09 05:00,1.2503993286366972
2025-08-09 06:00,2.114750140587943
2025-08-09 07:00,2.335233194391926
2025-08-09 08:00,2.575622426317489
2025-08-09 09:00,4.719849848547403
2025-08-09 10:00,5.085505078655545
2025-08-09 11:00,7.129630930920336
2025-08-09 12:00,8.55844418207278
2025-08-09 13:00,10.098982707571038
2025-08-09 14:00,15.466065782452947
2025-08-09 15:00,17.948775120256876
2025-08-09 16:00,22.989172567218027
2025-08-09 17:00,23.521052888709896
2025-08-09 18:00,22.642655578796358
2025-08-09 19:00,23.135083529413073
2025-08-09 20:00,22.66226208791119
2025-08-09 21:00,24.821099597927365
2025-08-09 22:00,25.210483645169603
2025-08-09 23:00,27.49693719765574
2025-08-10 00:00,17.893290635453145
2025-08-10 01:00,19.936028467309352
2025-08-10 02:00,21.238815783107754
2025-08-10 03:00,21.016733971822738
2025-08-10 04:00,22.14297980919834
2025-08-10 05:00,21.71739706589683
2025-08-10 06:00,23.375874384370675
2025-08-10 07:00,27.01115881778017
2025-08-10 08:00,21.922070869839978
2025-08-10 09:00,20.709407215860008
2025-08-10 10:00,15.086855430363947
2025-08-10 11:00,15.165165494145747
2025-08-10 12:00,15.86477202281672
2025-08-10 13:00,17.18197082083786
2025-08-10 14:00,13.213932303729598
2025-08-10 15:00,13.364224996422662
2025-08-10 16:00,11.168083829567678
2025-08-10 17:00,8.833698630217798
2025-08-10 18:00,4.941343862937896
2025-08-10 19:00,3.303069625021865
2025-08-10 20:00,1.7174116430723032
2025-08-10 21:00,1.1589592684099959
2025-08-10 22:00,0.7768455929261213
2025-08-10 23:00,0.01563459432827887
2025-08-11 00:00,0.7034517401522599
2025-08-11 01:00,0.2322730433797753
2025-08-11 02:00,0.38908047119145506
2025-08-11 03:00,0.21668971357114214
2025-08-11 04:00,0.06881741739129509
2025-08-11 05:00,0.024095073513886824
2025-08-11 06:00,0.08658807058292003
2025-08-11 07:00,0.09499998512607526
2025-08-11 08:00,0.07629658692682162
2025-08-11 09:00,0.20607157075246418
2025-08-11 10:00,0.473496967176606
2025-08-11 11:00,2.1176177520957746
2025-08-11 12:00,3.1324808687216246
2025-08-11 13:00,6.86194023357658
2025-08-11 14:00,6.42265263090896
2025-08-11 15:00,12.91025439203229
2025-08-11 16:00,12.949471177113221
2025-08-11 17:00,10.014292060477263
2025-08-11 18:00,9.17857398356492
2025-08-11 19:00,8.820950910099631
2025-08-11 20:00,5.356093357996749
2025-08-11 21:00,4.065665682631332
2025-08-11 22:00,2.734826716039722
2025-08-11 23:00,1.0698812184634163
2025-08-12 00:00,0.26054483687408303
2025-08-12 01:00,0.35260703041467445
2025-08-12 02:00,0.3003380827611795
2025-08-12 03:00,0.5491856177721937
2025-08-12 04:00,2.6800200647604164
2025-08-12 05:00,2.9864434667372697
2025-08-12 06:00,4.130103789977735
2025-08-12 07:00,3.8056348491736447
2025-08-12 08:00,2.0494563044044782
2025-08-12 09:00,3.078479823412822
2025-08-12 10:00,5.3865181369438995
2025-08-12 11:00,5.199068008415109
2025-08-12 12:00,5.014999409021243
2025-08-12 13:00,5.9762913532222175
2025-08-12 14:00,8.980214955321085
2025-08-12 15:00,10.728196298957934
2025-08-12 16:00,11.192298678232426
2025-08-12 17:00,14.189148256488682
2025-08-12 18:00,18.046635440239697
2025-08-12 19:00,21.930601051062315
2025-08-12 20:00,24.702863177472793
2025-08-12 21:00,24.02572539827506
2025-08-12 22:00,26.78695677118854
2025-08-12 23:00,24.419569071376905
2025-08-13 00:00,27.336511408982474
2025-08-13 01:00,26.108649614011917
2025-08-13 02:00,31.41557539469848
2025-08-13 03:00,31.995003134486723
2025-08-13 04:00,36.472457684163835
2025-08-13 05:00,42.558582911132916
2025-08-13 06:00,45.22937455112269
2025-08-13 07:00,47.36842952075761
2025-08-13 08:00,45.95299022201481
2025-08-13 09:00,39.30840401747917
2025-08-13 10:00,39.73123126531679
2025-08-13 11:00,40.70281763166063
2025-08-13 12:00,40.84512883190146
2025-08-13 13:00,39.92653298349549
2025-08-13 14:00,40.546767238901026
2025-08-13 15:00,39.50053344801756
2025-08-13 16:00,36.40999038506009
2025-08-13 17:00,30.822097425115842
2025-08-13 18:00,26.839394723588143
2025-08-13 19:00,21.566213254803703
2025-08-13 20:00,19.69864961970236
2025-08-13 21:00,19.76042680385547
2025-08-13 22:00,21.172939878735846
2025-08-13 23:00,20.669025693507606
2025-08-14 00:00,24.872393829579437
2025-08-14 01:00,25.53677699966707
2025-08-14 02:00,21.74374874191335
2025-08-14 03:00,21.5250171467343
2025-08-14 04:00,16.984349584044327
2025-08-14 05:00,16.27530289226974
2025-08-14 06:00,15.765396440035335
2025-08-14 07:00,14.881484626847474
2025-08-14 08:00,11.948401325152926
2025-08-14 09:00,9.873280213194786
2025-08-14 10:00,8.526258460025144
2025-08-14 11:00,7.371486504920174
2025-08-14 12:00,8.053176092115606
2025-08-14 13:00,6.211867023771948
2025-08-14 14:00,6.175227715537654
2025-08-14 15:00,6.309870327135393
2025-08-14 16:00,5.2233403647475924
2025-08-14 17:00,5.409535368525537
2025-08-14 18:00,7.323590435368738
2025-08-14 19:00,7.055371744261536
2025-08-14 20:00,6.662422579299587
2025-08-14 21:00,1.2992381527532062
2025-08-14 22:00,0.24160241145830424
2025-08-14 23:00,0.25728411934639706
2025-08-15 00:00,0.3460634571942688
2025-08-15 01:00,0.2417518593391362
2025-08-15 02:00,0.13357494749067303
2025-08-15 03:00,0.1309156103888692
2025-08-15 04:00,0.24157772071494477
2025-08-15 05:00,0.18773533287361632
2025-08-15 06:00,0.04887382873346466
2025-08-15 07:00,0.01283345140103146
2025-08-15 08:00,0.0011864690370393925
2025-08-15 09:00,0.005410177414796746
2025-08-15 10:00,0.14238566971207528
2025-08-15 11:00,0.19492294579981395
2025-08-15 12:00,0.7119871826204776
2025-08-15 13:00,1.0523727662178175
2025-08-15 14:00,1.3398588410790788
2025-08-15 15:00,1.7965053790838765
2025-08-15 16:00,1.335010547325777
2025-08-15 17:00,1.838111451413901
2025-08-15 18:00,1.1086235906683406
2025-08-15 19:00,0.24832794805144148
2025-08-15 20:00,0.019900931887647764
2025-08-15 21:00,0.0
2025-08-15 22:00,0.029916060379952897
2025-08-15 23:00,0.009360890278210528
2025-08-16 00:00,0.02185294811913271
2025-08-16 01:00,0.11517092626517211
2025-08-16 02:00,0.07556286056153891
2025-08-16 03:00,0.014499246743577828
2025-08-16 04:00,0.029339517234316718
2025-08-16 05:00,0.06074789849572301
2025-08-16 06:00,0.1408441832583947
2025-08-16 07:00,0.02738841334759679
2025-08-16 08:00,0.16263703667607438
2025-08-16 09:00,0.30218134399761665
2025-08-16 10:00,0.08650044563763717
2025-08-16 11:00,0.5797068617945227
2025-08-16 12:00,0.23086473728581608
2025-08-16 13:00,0.7459308072090578
2025-08-16 14:00,2.053743477669852
2025-08-16 15:00,2.1901000058514404
2025-08-16 16:00,2.130933884392087
2025-08-16 17:00,1.5248863923406208
2025-08-16 18:00,0.9986753462984747
2025-08-16 19:00,0.521871751893138
2025-08-16 20:00,0.3775238310633272
2025-08-16 21:00,0.11627317359109132
2025-08-16 22:00,0.17365045483636216
2025-08-16 23:00,0.43199395459772916
2025-08-17 00:00,0.09790434759296354
2025-08-17 01:00,0.5301616479385428
2025-08-17 02:00,0.38451917920935735
2025-08-17 03:00,0.37710780290801194
2025-08-17 04:00,0.3823578795442909
2025-08-17 05:00,0.019229302933823234
2025-08-17 06:00,0.11159746538929624
2025-08-17 07:00,0.008036376070193333
2025-08-17 08:00,0.0
2025-08-17 09:00,0.0
2025-08-17 10:00,0.0015204277820484145
2025-08-17 11:00,0.0106541891636302
2025-08-17 12:00,0.14690103701063023
2025-08-17 13:00,0.6799406198329577
2025-08-17 14:00,1.2391781404820432
2025-08-17 15:00,2.162504149482521
2025-08-17 16:00,1.683966973871662
2025-08-17 17:00,1.2635850111738687
2025-08-17 18:00,0.7354703628439534
2025-08-17 19:00,0.3186339187779378
2025-08-17 20:00,0.2732749433457011
2025-08-17 21:00,0.2584166699054035
2025-08-17 22:00,0.1850846562907116
2025-08-17 23:00,0.06618935652634969
2025-08-18 00:00,0.0610095913491928
2025-08-18 01:00,0.02771144169182677
2025-08-18 02:00,0.06080236637600952
2025-08-18 03:00,0.022161308152729268
2025-08-18 04:00,0.0583457544228269
2025-08-18 05:00,0.08959664468004201
2025-08-18 06:00,0.040414484560149865
2025-08-18 07:00,0.39265306076165246
2025-08-18 08:00,0.07749201783668122
2025-08-18 09:00,0.40024245861267926
2025-08-18 10:00,0.4144972528009303
2025-08-18 11:00,0.5377293029668728
2025-08-18 12:00,0.6573095364762094
2025-08-18 13:00,1.1188910104184877
2025-08-18 14:00,1.7468143556216469
2025-08-18 15:00,3.456424615072078
2025-08-18 16:00,2.6427118850811033
2025-08-18 17:00,3.591605668231025
2025-08-18 18:00,1.9068867402182395
2025-08-18 19:00,0.9920070550576976
2025-08-18 20:00,0.6687244206657583
2025-08-18 21:00,0.3059626592520769
2025-08-18 22:00,0.6939840666326398
2025-08-18 23:00,1.0501032798154504
2025-08-19 00:00,1.6195323754726616
2025-08-19 01:00,2.547344089867356
2025-08-19 02:00,3.436792095514834
2025-08-19 03:00,2.8790704859178087
2025-08-19 04:00,2.9857925559748986
2025-08-19 05:00,2.783961887051568
2025-08-19 06:00,3.722330473554016
2025-08-19 07:00,3.088326947142752
2025-08-19 08:00,2.898319148690664
2025-08-19 09:00,3.263394053702245
2025-08-19 10:00,3.627595019669754
2025-08-19 11:00,3.3486530210295022
2025-08-19 12:00,3.361544349727086
2025-08-19 13:00,4.449974744836927
2025-08-19 14:00,5.440451127243172
2025-08-19 15:00,4.593378996041861
2025-08-19 16:00,5.33282515256048
2025-08-19 17:00,5.306848528010194
2025-08-19 18:00,4.919513463486317
2025-08-19 19:00,4.290028022151606
2025-08-19 20:00,3.2341202252010213
2025-08-19 21:00,1.5061738799497806
2025-08-19 22:00,1.411859807789345
2025-08-19 23:00,2.5301409083646873
2025-08-20 00:00,2.2844603123558556
2025-08-20 01:00,2.4438725914562163
2025-08-20 02:00,2.9512898701487975
2025-08-20 03:00,2.785165547856165
2025-08-20 04:00,2.996103584534141
2025-08-20 05:00,2.023518396646809
2025-08-20 06:00,2.1703526585584365
2025-08-20 07:00,1.2400614736924174
2025-08-20 08:00,1.114247245222609
2025-08-20 09:00,1.0385623320812403
2025-08-20 10:00,1.992201806894931
2025-08-20 11:00,2.210967682431617
2025-08-20 12:00,2.7310928479914423
2025-08-20 13:00,2.4072526586880665
2025-08-20 14:00,3.2019608120447405
2025-08-20 15:00,3.6775423640065856
2025-08-20 16:00,3.6158502181925125
2025-08-20 17:00,1.8505004289653988
2025-08-20 18:00,1.919864210954055
2025-08-20 19:00,0.990899661670912
2025-08-20 20:00,0.2813611535091554
2025-08-20 21:00,0.08790744736878883
2025-08-20 22:00,0.02830382185713986
2025-08-20 23:00,0.046389694077792
2025-08-21 00:00,0.047349761656137204
2025-08-21 01:00,0.07189627025806722
2025-08-21 02:00,0.16534694140349274
2025-08-21 03:00,0.04090005766079797
2025-08-21 04:00,0.017576947362360824
2025-08-21 05:00,0.023716973235010243
2025-08-21 06:00,0.05608784664669397
2025-08-21 07:00,0.05142236394164813
2025-08-21 08:00,0.0873741976676552
2025-08-21 09:00,0.1971151477868619
2025-08-21 10:00,0.38986326584435227
2025-08-21 11:00,0.11209786508309941
2025-08-21 12:00,0.213262563986801
2025-08-21 13:00,0.16511057489146103
2025-08-21 14:00,0.7742583951823705
2025-08-21 15:00,1.5292539528644558
2025-08-21 16:00,2.5129806959478964
2025-08-21 17:00,1.5982462423294332
2025-08-21 18:00,1.0819295830180071
2025-08-21 19:00,0.47344460383923787
2025-08-21 20:00,0.2993100285752839
2025-08-21 21:00,0.19902849310222004
2025-08-21 22:00,0.1996005214250941
2025-08-21 23:00,0.15603701881820367
2025-08-22 00:00,0.06366458423354712
2025-08-22 01:00,0.09126756509516143
2025-08-22 02:00,0.07272640306105418
2025-08-22 03:00,0.12410016546607998
2025-08-22 04:00,0.0923194906104291
2025-08-22 05:00,0.0057455953315978985
2025-08-22 06:00,0.028190919514237526
2025-08-22 07:00,0.0
2025-08-22 08:00,0.01846422999077383
2025-08-22 09:00,0.04384388468263422
2025-08-22 10:00,0.11436958758660873
2025-08-22 11:00,0.25534061856943036
2025-08-22 12:00,0.309343292981484
2025-08-22 13:00,0.6899678406976764
2025-08-22 14:00,1.062797725497513
2025-08-22 15:00,1.208961468858075
2025-08-22 16:00,0.7105496583074706
2025-08-22 17:00,0.4253274465498038
2025-08-22 18:00,0.26345651534935144
2025-08-22 19:00,0.27999598957308725
2025-08-22 20:00,0.20574157680102148
2025-08-22 21:00,0.0031194714448254403
2025-08-22 22:00,0.05853229101934119
2025-08-22 23:00,0.004001603690066227
2025-08-23 00:00,0.0006006109713745151
2025-08-23 01:00,0.015757295960148805
2025-08-23 02:00,0.23893584678191487
2025-08-23 03:00,0.1774508462041113
2025-08-23 04:00,0.16915528902398302
2025-08-23 05:00,0.30802326235312666
2025-08-23 06:00,0.21411621148601503
2025-08-23 07:00,0.005916340211454406
2025-08-23 08:00,0.0
2025-08-23 09:00,0.0
2025-08-23 10:00,0.0
2025-08-23 11:00,0.0
2025-08-23 12:00,0.0
2025-08-23 13:00,0.114376931187635
2025-08-23 14:00,0.931432843915576
2025-08-23 15:00,1.4729219632304542
2025-08-23 16:00,1.353588939871534
2025-08-23 17:00,1.1803690699637426
2025-08-23 18:00,0.8751200815883474
2025-08-23 19:00,0.43176777417441825
2025-08-23 20:00,0.38540152104751896
2025-08-23 21:00,0.32251921716415344
2025-08-23 22:00,0.21603990860070948
2025-08-23 23:00,0.02201411067230953
2025-08-24 00:00,0.035655048414175404
2025-08-24 01:00,0.0
2025-08-24 02:00,0.01753913564379906
2025-08-24 03:00,0.01746269635250905
2025-08-24 04:00,0.49288748934738896
2025-08-24 05:00,0.3349914791374801
2025-08-24 06:00,0.5037990416877649
2025-08-24 07:00,0.22843646696820175
2025-08-24 08:00,0.3942497238530815
2025-08-24 09:00,1.1860513092562779
2025-08-24 10:00,0.7360043562829637
2025-08-24 11:00,1.145769937736064
2025-08-24 12:00,1.6062680875908562
2025-08-24 13:00,1.5808887321732588
2025-08-24 14:00,2.81921066750753
2025-08-24 15:00,2.374975238411855
2025-08-24 16:00,2.1749971588574697
2025-08-24 17:00,1.264979443586323
2025-08-24 18:00,0.899718875590872
2025-08-24 19:00,0.47966949850481777
2025-08-24 20:00,0.2936182069452898
2025-08-24 21:00,0.021213267995446344
2025-08-24 22:00,0.11736734528740567
2025-08-24 23:00,0.31024494948159237
2025-08-25 00:00,0.8917368837952865
2025-08-25 01:00,1.4170972908471422
2025-08-25 02:00,0.9722503617082413
2025-08-25 03:00,0.8040096803254377
2025-08-25 04:00,0.47665324162671424
2025-08-25 05:00,0.5990529048270816
2025-08-25 06:00,1.6923705638335091
2025-08-25 07:00,1.5750460143162934
2025-08-25 08:00,1.7959916230505515
2025-08-25 09:00,2.7621772795743498
2025-08-25 10:00,3.9718956214534287
2025-08-25 11:00,6.07713447357661
2025-08-25 12:00,5.679159520227306
2025-08-25 13:00,9.915792311038475
2025-08-25 14:00,10.815346532011777
2025-08-25 15:00,14.483996004966752
2025-08-25 16:00,16.06321998472212
2025-08-25 17:00,16.614698893873687
2025-08-25 18:00,17.379212300369716
2025-08-25 19:00,19.322611891599962
2025-08-25 20:00,21.56794271870038
2025-08-25 21:00,20.796922517334107
2025-08-25 22:00,22.762211493759835
2025-08-25 23:00,24.802824232843598
2025-08-26 00:00,25.08170005142545
2025-08-26 01:00,25.17012289595531
2025-08-26 02:00,27.95182878415987
2025-08-26 03:00,26.70276977258877
2025-08-26 04:00,31.523577100842605
2025-08-26 05:00,30.490440625549525
2025-08-26 06:00,29.22697129018359
2025-08-26 07:00,27.43496162471915
2025-08-26 08:00,23.481370751316405
2025-08-26 09:00,17.752210766200033
2025-08-26 10:00,15.31390215392991
2025-08-26 11:00,17.423878493587164
2025-08-26 12:00,8.894981476750749
2025-08-26 13:00,8.933424416600868
2025-08-26 14:00,5.624042732490331
2025-08-26 15:00,4.331951769197296
2025-08-26 16:00,3.266787183379632
2025-08-26 17:00,2.8586667375792674
2025-08-26 18:00,2.110168050119645
2025-08-26 19:00,5.092351709969352
2025-08-26 20:00,2.174701241253384
2025-08-26 21:00,1.7468266432887247
2025-08-26 22:00,2.076583375370912
2025-08-26 23:00,1.65427263519749
2025-08-27 00:00,0.043207301520584426
2025-08-27 01:00,0.20717735990017694
2025-08-27 02:00,0.8057169562005941
2025-08-27 03:00,1.7665014660020808
2025-08-27 04:00,1.292228546702553
2025-08-27 05:00,0.14623410253027297
2025-08-27 06:00,0.1503079663365937
2025-08-27 07:00,0.12791776816559228
2025-08-27 08:00,0.0
2025-08-27 09:00,0.0
2025-08-27 10:00,0.0
2025-08-27 11:00,0.0009525429518850309
2025-08-27 12:00,0.057427377784935514
2025-08-27 13:00,0.42459444075905195
2025-08-27 14:00,0.6872229921054606
2025-08-27 15:00,0.9598618085163283
2025-08-27 16:00,0.8920680544605704
2025-08-27 17:00,0.5789918972585163
2025-08-27 18:00,0.6011526503751707
2025-08-27 19:00,0.38923878734561335
2025-08-27 20:00,0.10404076841422448
2025-08-27 21:00,0.052418081490439875
2025-08-27 22:00,0.05099183863881467
2025-08-27 23:00,0.053494313758946505
2025-08-28 00:00,0.026422184432835578
2025-08-28 01:00,0.29415885119219976
2025-08-28 02:00,0.5707517217117988
2025-08-28 03:00,2.732383836420129
2025-08-28 04:00,3.7444118295587496
2025-08-28 05:00,4.409316531746419
2025-08-28 06:00,6.513122344318878
2025-08-28 07:00,6.615865342502431
2025-08-28 08:00,7.018116363959795
2025-08-28 09:00,6.8190247211882475
2025-08-28 10:00,7.499357179696522
2025-08-28 11:00,10.29088894579851
2025-08-28 12:00,10.907498447188843
2025-08-28 13:00,9.55111917527669
2025-08-28 14:00,10.488425074573712
2025-08-28 15:00,11.505286022133161
2025-08-28 16:00,12.115835763607985
2025-08-28 17:00,11.961437254332324
2025-08-28 18:00,12.72495344623469
2025-08-28 19:00,11.006703628929124
2025-08-28 20:00,8.442922346874894
2025-08-28 21:00,8.428075289810549
2025-08-28 22:00,7.783837686661067
2025-08-28 23:00,8.236756766847895
2025-08-29 00:00,8.583456493070681
2025-08-29 01:00,7.554432646514707
2025-08-29 02:00,9.342482017406322
2025-08-29 03:00,6.406404949985898
2025-08-29 04:00,6.441951036471959
2025-08-29 05:00,4.812666770953696
2025-08-29 06:00,3.5669233700422276
2025-08-29 07:00,3.5482025213370383
2025-08-29 08:00,2.79540834902408
2025-08-29 09:00,3.563231810734367
2025-08-29 10:00,2.4003681587182193
2025-08-29 11:00,2.8345982425893874
2025-08-29 12:00,2.6029406848328005
2025-08-29 13:00,2.5466032805907477
2025-08-29 14:00,3.4187737299521332
2025-08-29 15:00,2.7167667764903634
2025-08-29 16:00,2.86780723331924
2025-08-29 17:00,2.2130146811391507
2025-08-29 18:00,2.085890675257543
2025-08-29 19:00,1.435171386668321
2025-08-29 20:00,0.5972890243898121
2025-08-29 21:00,0.2634380369450829
2025-08-29 22:00,0.2975132951513577
2025-08-29 23:00,0.20537388351571323
2025-08-30 00:00,0.006518097642462048
2025-08-30 01:00,0.051875562448794016
2025-08-30 02:00,0.2351826218833254
2025-08-30 03:00,0.8129258467783012
2025-08-30 04:00,0.6445254017989372
2025-08-30 05:00,0.6353588810480667
2025-08-30 06:00,0.5084637694213611
2025-08-30 07:00,0.599895888314403
2025-08-30 08:00,0.5330498717903123
2025-08-30 09:00,0.16483747428779816
2025-08-30 10:00,0.8644677984771836
2025-08-30 11:00,0.47938608051710097
2025-08-30 12:00,0.42130870346673677
2025-08-30 13:00,0.7922308442305541
2025-08-30 14:00,1.8902486649814563
2025-08-30 15:00,2.7834028020259356
2025-08-30 16:00,2.4118980309809896
2025-08-30 17:00,1.5867011405835572
2025-08-30 18:00,1.1047367946775726
2025-08-30 19:00,0.24231230169166487
2025-08-30 20:00,0.005053031399165829
2025-08-30 21:00,0.06824634172995078
2025-08-30 22:00,0.013217375031166928
2025-08-30 23:00,0.01905802729644567
2025-08-31 00:00,0.037711871683845426
2025-08-31 01:00,0.010032925171945579
2025-08-31 02:00,0.0004527203864666643
2025-08-31 03:00,0.04692327154417921
2025-08-31 04:00,0.11683091011619218
2025-08-31 05:00,0.28493642452338974
2025-08-31 06:00,2.232173365078339
2025-08-31 07:00,2.11016470135361
2025-08-31 08:00,1.5806826549692383
2025-08-31 09:00,1.038976824872524
2025-08-31 10:00,2.0035269198729884
2025-08-31 11:00,2.5468346492971423
2025-08-31 12:00,3.8416797676840844
2025-08-31 13:00,3.421045254289164
2025-08-31 14:00,4.730443414453586
2025-08-31 15:00,6.229708450672758
2025-08-31 16:00,10.73987940064863
2025-08-31 17:00,10.02764434556167
2025-08-31 18:00,8.36602223903738
2025-08-31 19:00,8.75502737301401
2025-08-31 20:00,11.555381358494209
2025-08-31 21:00,13.702838519548145
2025-08-31 22:00,16.433037308818626
2025-08-31 23:00,12.709736360105348
2025-09-01 00:00,12.542031865206692
2025-09-01 01:00,16.43384127406136
2025-09-01 02:00,11.708228802939836
2025-09-01 03:00,8.833388697947868
2025-09-01 04:00,9.188893610149119
2025-09-01 05:00,14.063993910940475
2025-09-01 06:00,19.317989196017262
2025-09-01 07:00,18.797900729589564
2025-09-01 08:00,19.724086806035096
2025-09-01 09:00,22.01440758114196
2025-09-01 10:00,22.541363590071853
2025-09-01 11:00,21.578806275429976
2025-09-01 12:00,24.574699364460777
2025-09-01 13:00,23.687506379909145
2025-09-01 14:00,28.222918212396895
2025-09-01 15:00,23.136915212944018
2025-09-01 16:00,22.823817902226956
2025-09-01 17:00,19.076466394132126
2025-09-01 18:00,15.713060302178889
2025-09-01 19:00,10.361427229718696
2025-09-01 20:00,8.69527443270987
2025-09-01 21:00,4.525293071130315
2025-09-01 22:00,5.867598433310125
2025-09-01 23:00,1.2186506151640324
2025-09-02 00:00,1.3837432576354294
2025-09-02 01:00,0.28684404633724747
2025-09-02 02:00,0.16062027909397525
2025-09-02 03:00,0.25156527401534595
2025-09-02 04:00,0.6242726957755149
2025-09-02 05:00,2.706404664441755
2025-09-02 06:00,0.4231944556389116
2025-09-02 07:00,0.0951748868165481
2025-09-02 08:00,0.5054645738572956
2025-09-02 09:00,0.15250324776374632
2025-09-02 10:00,0.1074849642253767
2025-09-02 11:00,0.27326417432847994
2025-09-02 12:00,0.397611265584345
2025-09-02 13:00,1.1998814774578954
2025-09-02 14:00,2.176171700788847
2025-09-02 15:00,1.861953548974567
2025-09-02 16:00,1.4319785713940043
2025-09-02 17:00,0.766589115194145
2025-09-02 18:00,0.773835270199229
2025-09-02 19:00,0.39030951824973903
2025-09-02 20:00,0.21061880514200929
2025-09-02 21:00,0.16888602831162006
2025-09-02 22:00,0.1637880561722317
2025-09-02 23:00,0.17332114056209394
2025-09-03 00:00,0.1061501540659189
2025-09-03 01:00,0.1282905654570001
2025-09-03 02:00,0.13526663141224626
2025-09-03 03:00,0.2599174646316058
2025-09-03 04:00,0.22213987295682577
2025-09-03 05:00,0.19256636567156116
2025-09-03 06:00,0.26509239601617474
2025-09-03 07:00,0.03313671001703315
2025-09-03 08:00,0.030919482707952122
2025-09-03 09:00,0.0
2025-09-03 10:00,0.0
2025-09-03 11:00,0.015777319747993953
2025-09-03 12:00,0.0
2025-09-03 13:00,0.04352179554776664
2025-09-03 14:00,0.1973302225152163
2025-09-03 15:00,0.3126352922020208
2025-09-03 16:00,0.8837381366698798
2025-09-03 17:00,0.6439213284099703
2025-09-03 18:00,0.6376708126896287
2025-09-03 19:00,0.20107933552886545
2025-09-03 20:00,0.18921977875901544
2025-09-03 21:00,0.11783819889740257
2025-09-03 22:00,0.17701335527276119
2025-09-03 23:00,0.635463793617814
2025-09-04 00:00,0.47973265044755425
2025-09-04 01:00,0.34061983456543365
2025-09-04 02:00,0.7086292282045836
2025-09-04 03:00,0.5913625426773854
2025-09-04 04:00,0.9967011727968635
2025-09-04 05:00,1.1941347610724247
2025-09-04 06:00,1.7313476209098184
2025-09-04 07:00,1.2099627636174424
2025-09-04 08:00,0.9398167446938632
2025-09-04 09:00,1.0942855652270351
2025-09-04 10:00,1.1498875673530466
2025-09-04 11:00,1.3304572720813332
2025-09-04 12:00,2.207089903161142
2025-09-04 13:00,2.2086004622670456
2025-09-04 14:00,3.8237042129066134
2025-09-04 15:00,5.432943721669327
2025-09-04 16:00,6.151418160438601
2025-09-04 17:00,6.144307275929373
2025-09-04 18:00,6.721159493349521
2025-09-04 19:00,7.249938689594177
2025-09-04 20:00,4.474147622300213
2025-09-04 21:00,2.3534350532445543
2025-09-04 22:00,0.872295430509566
2025-09-04 23:00,0.8084293934197488
2025-09-05 00:00,0.26708432901644535
2025-09-05 01:00,0.1476275137380355
2025-09-05 02:00,0.19929077712103818
2025-09-05 03:00,0.1485025912580458
2025-09-05 04:00,0.2872030948435168
2025-09-05 05:00,0.0796190450101269
2025-09-05 06:00,0.12344841088066563
2025-09-05 07:00,0.10383819086114013
2025-09-05 08:00,0.03389791491572511
2025-09-05 09:00,0.019997351437336986
2025-09-05 10:00,0.0085101760385449
2025-09-05 11:00,0.0
2025-09-05 12:00,0.07820572784443344
2025-09-05 13:00,1.044839332429111
2025-09-05 14:00,2.096042866705346
2025-09-05 15:00,3.841103295298956
2025-09-05 16:00,3.601158785356211
2025-09-05 17:00,2.1811361412625407
2025-09-05 18:00,1.6958049251159013
2025-09-05 19:00,0.6805211103289988
2025-09-05 20:00,0.23090459093083202
2025-09-05 21:00,0.8569458489576166
2025-09-05 22:00,2.051666855743553
2025-09-05 23:00,3.854131288486079
2025-09-06 00:00,7.83742160184579
2025-09-06 01:00,14.512807192997542
2025-09-06 02:00,16.312473217285607
2025-09-06 03:00,14.74904295733624
2025-09-06 04:00,12.750396596175936
2025-09-06 05:00,14.266955872523951
2025-09-06 06:00,16.355705510721908
2025-09-06 07:00,22.5465391391716
2025-09-06 08:00,21.15202912165177
2025-09-06 09:00,21.469487525626096
2025-09-06 10:00,20.240811872008205
2025-09-06 11:00,21.516305198595894
2025-09-06 12:00,24.15712968321208
2025-09-06 13:00,22.331652174128095
2025-09-06 14:00,23.77328892983431
2025-09-06 15:00,24.483127399806687
2025-09-06 16:00,24.376243257464573
2025-09-06 17:00,25.196668677695815
2025-09-06 18:00,23.72168435931087
2025-09-06 19:00,19.15579969168216
2025-09-06 20:00,21.159042085577227
2025-09-06 21:00,19.386071216267368
2025-09-06 22:00,21.61104666915761
2025-09-06 23:00,16.45744794517933
2025-09-07 00:00,19.788616395458394
2025-09-07 01:00,21.910545721220274
2025-09-07 02:00,22.24310626280547
2025-09-07 03:00,22.25295740411903
2025-09-07 04:00,21.417863244889855
2025-09-07 05:00,20.127079638704146
2025-09-07 06:00,9.375255087793935
2025-09-07 07:00,9.966371452222008
2025-09-07 08:00,6.471778002009813
2025-09-07 09:00,3.0450795251531524
2025-09-07 10:00,4.720915514284517
2025-09-07 11:00,4.359442130670854
2025-09-07 12:00,1.9953160533832386
2025-09-07 13:00,1.0747113491328104
2025-09-07 14:00,0.8014728550083272
2025-09-07 15:00,0.8967034036161984
2025-09-07 16:00,1.1717519816647264
2025-09-07 17:00,1.4811358545288498
2025-09-07 18:00,1.8287442321162386
2025-09-07 19:00,1.622349577359934
2025-09-07 20:00,0.7503213436782388
2025-09-07 21:00,0.5118757610759538
2025-09-07 22:00,0.4265063860835663
2025-09-07 23:00,0.1809886592975251
2025-09-08 00:00,0.3359815887110885
2025-09-08 01:00,0.20038878586296804
2025-09-08 02:00,0.30580718808051954
2025-09-08 03:00,0.38437363403341074
2025-09-08 04:00,0.44839198060073665
2025-09-08 05:00,0.6035356080975207
2025-09-08 06:00,0.7939179133026057
2025-09-08 07:00,0.49788691807204694
2025-09-08 08:00,0.7219847967361743
2025-09-08 09:00,0.10426951494329256
2025-09-08 10:00,0.12044561022913797
2025-09-08 11:00,0.7731789177229433
2025-09-08 12:00,1.2238994595779935
2025-09-08 13:00,2.7605425170967117
2025-09-08 14:00,1.8677409061849808
2025-09-08 15:00,1.082818293954472
2025-09-08 16:00,0.829304046318652
2025-09-08 17:00,0.6901430937278203
2025-09-08 18:00,1.0859518008227582
2025-09-08 19:00,0.819819364938682
2025-09-08 20:00,0.6528932068519204
2025-09-08 21:00,1.0729458526401667
2025-09-08 22:00,2.621001686120178
2025-09-08 23:00,4.326315058620486
2025-09-09 00:00,1.1386496044116587
2025-09-09 01:00,1.1925624932223764
2025-09-09 02:00,3.63601190666874
2025-09-09 03:00,4.768091583056245
2025-09-09 04:00,3.4888257833091076
2025-09-09 05:00,4.416204391461402
2025-09-09 06:00,8.440592296644532
2025-09-09 07:00,4.291508768842849
2025-09-09 08:00,3.1935981842852468
2025-09-09 09:00,3.00477873013249
2025-09-09 10:00,2.520368418552564
2025-09-09 11:00,11.408467316634763
2025-09-09 12:00,6.683014519914334
2025-09-09 13:00,6.4534460410456145
2025-09-09 14:00,5.3805758366449545
2025-09-09 15:00,7.685321630170911
2025-09-09 16:00,9.208092202954818
2025-09-09 17:00,10.784790984899468
2025-09-09 18:00,5.425382926576664
2025-09-09 19:00,3.4763463533344465
2025-09-09 20:00,3.047111725787684
2025-09-09 21:00,1.2904202542286896
2025-09-09 22:00,1.4557387681107317
2025-09-09 23:00,1.4681784255721149
2025-09-10 00:00,0.3817502152402816
2025-09-10 01:00,0.7748672782283721
2025-09-10 02:00,2.7092034976909933
2025-09-10 03:00,2.7803436489062117
2025-09-10 04:00,4.668207619601715
2025-09-10 05:00,5.386528179928668
2025-09-10 06:00,7.553725865878324
2025-09-10 07:00,5.056058554630598
2025-09-10 08:00,5.896730624568487
2025-09-10 09:00,4.823629817402749
2025-09-10 10:00,7.371155346530666
2025-09-10 11:00,7.91753703268891
2025-09-10 12:00,7.594107129575583
2025-09-10 13:00,7.447903211676056
2025-09-10 14:00,8.299695218438153
2025-09-10 15:00,8.548476430442175
2025-09-10 16:00,9.614469412602839
2025-09-10 17:00,9.925619308443611
2025-09-10 18:00,10.096035979955694
2025-09-10 19:00,10.14975730553317
2025-09-10 20:00,10.216561901268333
2025-09-10 21:00,7.356041383136895
2025-09-10 22:00,4.98306496373503
2025-09-10 23:00,4.635141897006169
2025-09-11 00:00,2.6037257248628394
2025-09-11 01:00,1.4596964239020713
2025-09-11 02:00,0.540038395216887
2025-09-11 03:00,0.6624777427572552
2025-09-11 04:00,1.1315077982687038
2025-09-11 05:00,1.2362791046133368
2025-09-11 06:00,1.2691698083469423
2025-09-11 07:00,1.6729585399298155
2025-09-11 08:00,2.1117156537775994
2025-09-11 09:00,2.8904329358521963
2025-09-11 10:00,1.967349099775884
2025-09-11 11:00,0.8802430096740961
2025-09-11 12:00,0.29372648034230636
2025-09-11 13:00,0.09272875739369663
2025-09-11 14:00,0.5954664430929109
2025-09-11 15:00,0.6330507453083344
2025-09-11 16:00,1.0876552788978853
2025-09-11 17:00,1.7112397591371438
2025-09-11 18:00,2.7124999710981674
2025-09-11 19:00,2.931560923132106
2025-09-11 20:00,3.1182542083075413
2025-09-11 21:00,3.359262005990187
2025-09-11 22:00,5.5725164864183805
2025-09-11 23:00,5.498363795277092
2025-09-12 00:00,5.421794720891306
2025-09-12 01:00,5.553212712361313
2025-09-12 02:00,6.494591163467133
2025-09-12 03:00,5.271430912500593
2025-09-12 04:00,8.195061121479593
2025-09-12 05:00,9.17093018434669
2025-09-12 06:00,7.805282950148938
2025-09-12 07:00,6.754911241206403
2025-09-12 08:00,6.337981476318362
2025-09-12 09:00,4.585835237288294
2025-09-12 10:00,3.4248373676706763
2025-09-12 11:00,2.3841769187128854
2025-09-12 12:00,4.045742493156619
2025-09-12 13:00,4.541821406639207
2025-09-12 14:00,3.574652801905975
2025-09-12 15:00,4.959732161562455
2025-09-12 16:00,5.817440619795452
2025-09-12 17:00,5.668991092044307
2025-09-12 18:00,5.994840550841922
2025-09-12 19:00,7.971885650042276
2025-09-12 20:00,9.979218877547504
2025-09-12 21:00,18.051535413840575
2025-09-12 22:00,23.962392483898768
2025-09-12 23:00,30.25114698947759
2025-09-13 00:00,47.99394001323966
2025-09-13 01:00,51.65296012705192
2025-09-13 02:00,52.94972480286141
2025-09-13 03:00,54.94863847182166
2025-09-13 04:00,53.95867293353446
2025-09-13 05:00,52.23809383347562
2025-09-13 06:00,49.071066786373656
2025-09-13 07:00,49.812306637056984
2025-09-13 08:00,47.764456427042774
2025-09-13 09:00,46.59969184900505
2025-09-13 10:00,42.80461252543575
2025-09-13 11:00,38.81297797281747
2025-09-13 12:00,36.71559588916065
2025-09-13 13:00,21.50006350805291
2025-09-13 14:00,16.412807069627945
2025-09-13 15:00,11.032211166125133
2025-09-13 16:00,9.591353719803221
2025-09-13 17:00,7.290820499773713
2025-09-13 18:00,3.714435431454212
2025-09-13 19:00,1.2871063535364806
2025-09-13 20:00,0.6000511874252032
2025-09-13 21:00,0.4077861153846082
2025-09-13 22:00,0.1511912031399255
2025-09-13 23:00,0.6106804502151006
2025-09-14 00:00,0.953650918395964
2025-09-14 01:00,0.3416518493253768
2025-09-14 02:00,0.8956035030443718
2025-09-14 03:00,0.6217182361228014
2025-09-14 04:00,1.2804868933575242
2025-09-14 05:00,0.5622217341292937
2025-09-14 06:00,0.39643501312192886
2025-09-14 07:00,0.12324167812748714
2025-09-14 08:00,0.09574078483379592
2025-09-14 09:00,0.09217759241377489
2025-09-14 10:00,0.1319644590205369
2025-09-14 11:00,0.3000094724993595
2025-09-14 12:00,0.09826263666371747
2025-09-14 13:00,0.359857381473755
2025-09-14 14:00,0.62726635675588
2025-09-14 15:00,0.7791153726069122
2025-09-14 16:00,0.8355777293908506
2025-09-14 17:00,0.6092487730586663
2025-09-14 18:00,0.42808833336415514
2025-09-14 19:00,0.46785409226561936
2025-09-14 20:00,0.581004608537896
2025-09-14 21:00,0.49364146588563507
2025-09-14 22:00,0.24783302227346696
2025-09-14 23:00,0.10304160060880803
2025-09-15 00:00,0.0007171009588102722
2025-09-15 01:00,0.1935775147661619
2025-09-15 02:00,0.047309796112696034
2025-09-15 03:00,0.16103917946991292
2025-09-15 04:00,0.3660356877626608
2025-09-15 05:00,1.7596307462506806
2025-09-15 06:00,0.6832476936727452
2025-09-15 07:00,0.3307347999051241
2025-09-15 08:00,0.22403697377282086
2025-09-15 09:00,0.11262269384311636
2025-09-15 10:00,0.006647238372840668
2025-09-15 11:00,0.1316707410561718
2025-09-15 12:00,0.246068146675681
2025-09-15 13:00,0.023731577155203704
2025-09-15 14:00,0.006292387272956897
2025-09-15 15:00,0.05083946224770199
2025-09-15 16:00,0.10860180764257972
2025-09-15 17:00,0.05161802678236532
2025-09-15 18:00,0.06343540431629852
2025-09-15 19:00,0.3266315814157395
2025-09-15 20:00,0.1392537014286384
2025-09-15 21:00,0.26230377383494924
2025-09-15 22:00,0.37799149028094364
2025-09-15 23:00,0.4852151545146027
2025-09-16 00:00,0.14934070728834392
2025-09-16 01:00,0.10337038242906135
2025-09-16 02:00,0.04438678944434949
2025-09-16 03:00,0.22516727568191647
2025-09-16 04:00,0.3653662999085835
2025-09-16 05:00,0.21814223592001242
2025-09-16 06:00,0.42506581755508854
2025-09-16 07:00,0.540831679193868
2025-09-16 08:00,0.4650003298503044
2025-09-16 09:00,1.1972915692664547
2025-09-16 10:00,1.5033195780192465
2025-09-16 11:00,1.9633834162643815
2025-09-16 12:00,4.82619846053295
2025-09-16 13:00,7.422118555517876
2025-09-16 14:00,9.089222908130319
2025-09-16 15:00,11.384900570514866
2025-09-16 16:00,15.188864772647339
2025-09-16 17:00,14.697195456843222
2025-09-16 18:00,15.051529299505091
2025-09-16 19:00,15.931281903507841
2025-09-16 20:00,15.543256914708792
2025-09-16 21:00,11.049132135002084
2025-09-16 22:00,11.553275997482046
2025-09-16 23:00,15.07771179553508
2025-09-17 00:00,17.130519635587373
2025-09-17 01:00,17.10281099269431
2025-09-17 02:00,19.442479109451895
2025-09-17 03:00,16.614854561857406
2025-09-17 04:00,17.34752474142438
2025-09-17 05:00,15.651504091317673
2025-09-17 06:00,14.851866717099181
2025-09-17 07:00,19.39290263479974
2025-09-17 08:00,19.749788953569034
2025-09-17 09:00,14.471616561565224
2025-09-17 10:00,19.111776725674915
2025-09-17 11:00,21.880401843668828
2025-09-17 12:00,19.059807146867364
2025-09-17 13:00,15.589321946203281
2025-09-17 14:00,20.26388256264275
2025-09-17 15:00,17.99426163346305
2025-09-17 16:00,13.694842423066051
2025-09-17 17:00,17.73001770831164
2025-09-17 18:00,18.52385781917599
2025-09-17 19:00,25.24908973231692
2025-09-17 20:00,26.97136461607751
2025-09-17 21:00,25.841860861031677
2025-09-17 22:00,26.26797945561734
2025-09-17 23:00,19.464359112557535
2025-09-18 00:00,17.938958563733358
2025-09-18 01:00,16.21565341807876
2025-09-18 02:00,14.892954451316484
2025-09-18 03:00,17.733064343361956
2025-09-18 04:00,18.798086351026118
2025-09-18 05:00,16.300409744218086
2025-09-18 06:00,16.966944122762825
2025-09-18 07:00,11.093914348040224
2025-09-18 08:00,9.927676589913656
2025-09-18 09:00,9.187937141570622
2025-09-18 10:00,8.019905273730217
2025-09-18 11:00,4.082870301623386
2025-09-18 12:00,3.396458463082657
2025-09-18 13:00,3.3505956774014773
2025-09-18 14:00,2.0400473753106274
2025-09-18 15:00,2.8937361641432786
2025-09-18 16:00,2.255398439767011
2025-09-18 17:00,1.920007804985222
2025-09-18 18:00,1.0814359440422243
2025-09-18 19:00,1.456762496283754
2025-09-18 20:00,0.8665706737754088
2025-09-18 21:00,0.4296208626854514
2025-09-18 22:00,0.46627322200123295
2025-09-18 23:00,0.5502092225040414
2025-09-19 00:00,1.4122410828664616
2025-09-19 01:00,2.6683158948021646
2025-09-19 02:00,2.2458487678897088
2025-09-19 03:00,2.0437586170281685
2025-09-19 04:00,4.4374054931041975
2025-09-19 05:00,5.080245569111457
2025-09-19 06:00,5.996305652854464
2025-09-19 07:00,6.878547674363611
2025-09-19 08:00,6.551713383128588
2025-09-19 09:00,8.020758951106572
2025-09-19 10:00,5.835762578473107
2025-09-19 11:00,4.820174678568168
2025-09-19 12:00,10.576858833893766
2025-09-19 13:00,13.511341514765398
2025-09-19 14:00,11.790615996149917
2025-09-19 15:00,12.629979039629024
2025-09-19 16:00,16.6729079097716
2025-09-19 17:00,16.756350541499003
2025-09-19 18:00,19.848005483349812
2025-09-19 19:00,21.892589237058658
2025-09-19 20:00,20.83087666015904
2025-09-19 21:00,29.95842405525479
2025-09-19 22:00,37.14744814770512
2025-09-19 23:00,34.95709827727383
2025-09-20 00:00,40.38406800085342
2025-09-20 01:00,46.45456836226315
2025-09-20 02:00,48.35963176787188
2025-09-20 03:00,51.349191945568165
2025-09-20 04:00,49.19648171341811
2025-09-20 05:00,46.006732823783324
2025-09-20 06:00,42.67356853739892
2025-09-20 07:00,35.66593745216646
2025-09-20 08:00,25.195260511818816
2025-09-20 09:00,23.35994289483161
2025-09-20 10:00,25.68729838140969
2025-09-20 11:00,30.052932067855714
2025-09-20 12:00,31.9156614154803
2025-09-20 13:00,29.710217360358886
2025-09-20 14:00,31.992414569542916
2025-09-20 15:00,37.533220631424925
2025-09-20 16:00,43.18194452806141
2025-09-20 17:00,47.0043349125126
2025-09-20 18:00,46.28738875298187
2025-09-20 19:00,37.632942146611
2025-09-20 20:00,29.281332387562266
2025-09-20 21:00,25.07926369607361
2025-09-20 22:00,21.0617581394868
2025-09-20 23:00,17.591299298331247
2025-09-21 00:00,13.26396284248258
2025-09-21 01:00,14.54024478929934
2025-09-21 02:00,13.719041490638968
2025-09-21 03:00,13.487784940736969
2025-09-21 04:00,11.593459108108627
2025-09-21 05:00,13.241741210732325
2025-09-21 06:00,11.755331203918786
2025-09-21 07:00,9.345833612993685
2025-09-21 08:00,8.20158376091435
2025-09-21 09:00,10.934148004091375
2025-09-21 10:00,8.708206075078474
2025-09-21 11:00,9.960580179904358
2025-09-21 12:00,8.653886752315328
2025-09-21 13:00,10.422315958549259
2025-09-21 14:00,12.56707788372178
2025-09-21 15:00,13.44506564820929
2025-09-21 16:00,14.060353532231414
2025-09-21 17:00,16.534917720221834
2025-09-21 18:00,14.75487964460687
2025-09-21 19:00,12.540067088920258
2025-09-21 20:00,12.280948813605207
2025-09-21 21:00,9.876615101848268
2025-09-21 22:00,8.535290347807564
2025-09-21 23:00,4.658634252271817
2025-09-22 00:00,5.760814697264607
2025-09-22 01:00,5.629568271643251
2025-09-22 02:00,6.730183306426962
2025-09-22 03:00,6.870129819418275
2025-09-22 04:00,8.553311605241072
2025-09-22 05:00,9.564328924162647
2025-09-22 06:00,12.357581240587038
2025-09-22 07:00,9.811778286401037
2025-09-22 08:00,10.366977194479713
2025-09-22 09:00,8.44078885184809
2025-09-22 10:00,5.082301323173323
2025-09-22 11:00,6.167002334995986
2025-09-22 12:00,6.637937448185095
2025-09-22 13:00,6.732799466788397
2025-09-22 14:00,4.22720150138566
2025-09-22 15:00,4.916297874987092
2025-09-22 16:00,4.935819755844532
2025-09-22 17:00,4.5215992917380845
2025-09-22 18:00,5.377463606326421
2025-09-22 19:00,6.341577918342425
2025-09-22 20:00,6.548381497046794
2025-09-22 21:00,4.477608791600792
2025-09-22 22:00,4.947850236973988
2025-09-22 23:00,5.335992386931077
2025-09-23 00:00,3.226113864686246
2025-09-23 01:00,4.809003923099279
2025-09-23 02:00,4.9889851354484085
2025-09-23 03:00,4.068280067841069
2025-09-23 04:00,3.7910766569047905
2025-09-23 05:00,2.7825653426841397
2025-09-23 06:00,2.070110293523033
2025-09-23 07:00,2.017178181137101
2025-09-23 08:00,1.6038042433388484
2025-09-23 09:00,1.0015950628552925
2025-09-23 10:00,0.6262339791155811
2025-09-23 11:00,0.5987978822221719
2025-09-23 12:00,0.5507677577779562
2025-09-23 13:00,0.7575769058891441
2025-09-23 14:00,1.382980651853787
2025-09-23 15:00,2.025911252169933
2025-09-23 16:00,2.737518163177735
2025-09-23 17:00,2.741248109881708
2025-09-23 18:00,2.3906781448681906
2025-09-23 19:00,2.7420321870460427
2025-09-23 20:00,2.8483302786454945
2025-09-23 21:00,6.420053480137552
2025-09-23 22:00,6.8624816446426
2025-09-23 23:00,8.69732165355252
2025-09-24 00:00,8.420083277221577
2025-09-24 01:00,9.620087041267105
2025-09-24 02:00,11.383071130992425
2025-09-24 03:00,10.985783184626927
2025-09-24 04:00,12.71707416817737
2025-09-24 05:00,13.421881297926289
2025-09-24 06:00,15.303757035229456
2025-09-24 07:00,16.11997199186346
2025-09-24 08:00,21.16715558628747
2025-09-24 09:00,23.843522006504514
2025-09-24 10:00,29.75232579685293
2025-09-24 11:00,24.52217589370897
2025-09-24 12:00,27.305412417650963
2025-09-24 13:00,23.974283436699608
2025-09-24 14:00,22.144668120205978
2025-09-24 15:00,19.424058327985254
2025-09-24 16:00,16.879964641434025
2025-09-24 17:00,13.778823397201716
2025-09-24 18:00,11.549739108395631
2025-09-24 19:00,8.30806753440797
2025-09-24 20:00,7.798295700417267
2025-09-24 21:00,5.99821248325956
2025-09-24 22:00,3.84346251060835
2025-09-24 23:00,3.2868266502808092
2025-09-25 00:00,2.775809724528756
2025-09-25 01:00,2.4939295327981084
2025-09-25 02:00,4.315610676104027
2025-09-25 03:00,1.6774305503089038
2025-09-25 04:00,3.8707810535870997
2025-09-25 05:00,4.212701292977198
2025-09-25 06:00,7.304340574260328
2025-09-25 07:00,8.559950584888307
2025-09-25 08:00,9.979426035141339
2025-09-25 09:00,9.457047111868158
2025-09-25 10:00,8.658152119159048
2025-09-25 11:00,4.155198604619562
2025-09-25 12:00,3.3761423792147163
2025-09-25 13:00,1.9962294651952373
2025-09-25 14:00,1.2310602313134984
2025-09-25 15:00,0.9313433192097463
2025-09-25 16:00,3.350533843928144
2025-09-25 17:00,3.7208218936967077
2025-09-25 18:00,3.1115004951192313
2025-09-25 19:00,0.8642223304833236
2025-09-25 20:00,0.625000551714251
2025-09-25 21:00,1.3660678589957733
2025-09-25 22:00,1.0033866723754379
2025-09-25 23:00,0.9560886552082315
2025-09-26 00:00,0.9762200168884685
2025-09-26 01:00,0.9360073696099462
2025-09-26 02:00,4.5401967007502755
2025-09-26 03:00,8.061206634763616
2025-09-26 04:00,9.118174702724314
2025-09-26 05:00,11.32346319652503
2025-09-26 06:00,12.043368809893241
2025-09-26 07:00,11.843641847741122
2025-09-26 08:00,9.975020619257283
2025-09-26 09:00,10.641896683233586
2025-09-26 10:00,6.422248750978565
2025-09-26 11:00,4.100040685463345
2025-09-26 12:00,4.039664142610416
2025-09-26 13:00,3.391227303972988
2025-09-26 14:00,5.887754287516355
2025-09-26 15:00,8.440316369743979
2025-09-26 16:00,9.435384374347326
2025-09-26 17:00,9.112609621872805
2025-09-26 18:00,8.160224369362794
2025-09-26 19:00,6.266559995119588
2025-09-26 20:00,6.0120118361508075
2025-09-26 21:00,4.425148867561578
2025-09-26 22:00,3.6864096794890497
2025-09-26 23:00,2.512179195244003
2025-09-27 00:00,1.8129532689197725
2025-09-27 01:00,0.9934902097893303
2025-09-27 02:00,0.8524552715884526
2025-09-27 03:00,0.9085102005249193
2025-09-27 04:00,1.0404147198938045
2025-09-27 05:00,0.37401632537017016
2025-09-27 06:00,0.18998399762552692
2025-09-27 07:00,0.1873939922884193
2025-09-27 08:00,0.36394840628817715
2025-09-27 09:00,0.20619997517321484
2025-09-27 10:00,0.999392552406714
2025-09-27 11:00,1.0861662928280968
2025-09-27 12:00,1.5435279592142614
2025-09-27 13:00,2.0847991864620927
2025-09-27 14:00,2.9880300546198635
2025-09-27 15:00,3.4784745559761676
2025-09-27 16:00,4.551058045492066
2025-09-27 17:00,5.201752967018037
2025-09-27 18:00,2.485168746842075
2025-09-27 19:00,2.434997147341007
2025-09-27 20:00,1.555829212795395
2025-09-27 21:00,1.6169421001049469
2025-09-27 22:00,1.4844493276031245
2025-09-27 23:00,0.9945511978881559
2025-09-28 00:00,0.83896603081353
2025-09-28 01:00,1.1748223564631843
2025-09-28 02:00,1.7014577716773938
2025-09-28 03:00,1.68090900599876
2025-09-28 04:00,2.564532913155261
2025-09-28 05:00,5.926249058616371
2025-09-28 06:00,13.470491002154427
2025-09-28 07:00,11.801051812274983
2025-09-28 08:00,14.089055289164557
2025-09-28 09:00,16.58869905372379
2025-09-28 10:00,15.262558191042011
2025-09-28 11:00,12.915233024201488
2025-09-28 12:00,18.20317939409043
2025-09-28 13:00,23.617674287571333
2025-09-28 14:00,19.467725641727846
2025-09-28 15:00,11.964546448601464
2025-09-28 16:00,10.578357332751477
2025-09-28 17:00,7.882763751926701
2025-09-28 18:00,8.121001440430796
2025-09-28 19:00,7.578546594899393
2025-09-28 20:00,10.360996548758283
2025-09-28 21:00,11.70200308791217
2025-09-28 22:00,4.508188946089896
2025-09-28 23:00,4.59247413680715
2025-09-29 00:00,4.620844847045357
2025-09-29 01:00,7.122117043500736
2025-09-29 02:00,3.969256658020577
2025-09-29 03:00,3.8837731047238417
2025-09-29 04:00,6.461107162463787
2025-09-29 05:00,5.323596589535965
2025-09-29 06:00,4.130989627950854
2025-09-29 07:00,4.519599580307373
2025-09-29 08:00,2.8417399925933475
2025-09-29 09:00,1.5416958395739657
2025-09-29 10:00,0.9365184262312214
2025-09-29 11:00,0.7959295469381343
2025-09-29 12:00,0.4158155106641165
2025-09-29 13:00,0.2891996632239258
2025-09-29 14:00,0.7744157948844944
2025-09-29 15:00,1.0454781109456226
2025-09-29 16:00,0.7692417707298539
2025-09-29 17:00,0.4001237390022097
2025-09-29 18:00,0.26756183562276264
2025-09-29 19:00,0.3221253772236172
2025-09-29 20:00,0.27897158310868886
2025-09-29 21:00,0.14981011317891213
2025-09-29 22:00,0.16500267906644747
2025-09-29 23:00,0.09820299330944449
2025-09-30 00:00,0.2015767424097208
2025-09-30 01:00,0.17234933295774724
2025-09-30 02:00,0.1784538504040215
2025-09-30 03:00,0.03276013431431379
2025-09-30 04:00,0.1658189481397469
2025-09-30 05:00,0.41556644480259086
2025-09-30 06:00,0.047349478494602214
2025-09-30 07:00,0.004626840665159243
2025-09-30 08:00,0.0025743547287159253
2025-09-30 09:00,0.009974685369412449
2025-09-30 10:00,0.007958080059133382
2025-09-30 11:00,4.394780465952875e-06
2025-09-30 12:00,0.005096856964368008
2025-09-30 13:00,0.004982672275418664
2025-09-30 14:00,0.15599933147299672
2025-09-30 15:00,0.8729539447015335
2025-09-30 16:00,1.7571625479137887
2025-09-30 17:00,2.517037766535153
2025-09-30 18:00,1.8313920518949955
2025-09-30 19:00,0.96034015327643
2025-09-30 20:00,0.7508480362810039
2025-09-30 21:00,0.548810690745998
2025-09-30 22:00,0.48761598355777713
2025-09-30 23:00,0.4685447139189334
2025-10-01 00:00,0.3845467472045513
2025-10-01 01:00,0.370599315294562
2025-10-01 02:00,0.5926355973706002
2025-10-01 03:00,0.299688938799492
2025-10-01 04:00,0.41740459736642116
2025-10-01 05:00,0.9371885883814381
2025-10-01 06:00,0.3492243745304827
2025-10-01 07:00,0.4269168416635922
2025-10-01 08:00,0.30870601714475776
2025-10-01 09:00,0.1458937753767123
2025-10-01 10:00,0.32202622585453755
2025-10-01 11:00,0.6540979150174332
2025-10-01 12:00,0.808433830089086
2025-10-01 13:00,1.0348221090961465
2025-10-01 14:00,2.4678668538575925
2025-10-01 15:00,3.5265024418171222
2025-10-01 16:00,4.241385399761034
2025-10-01 17:00,5.424351392745844
2025-10-01 18:00,9.034770182372162
2025-10-01 19:00,4.887422271040487
2025-10-01 20:00,4.876758434910782
2025-10-01 21:00,3.0836826732236444
2025-10-01 22:00,1.4814643847007267
2025-10-01 23:00,0.8262596996015552
2025-10-02 00:00,0.7712556684271643
2025-10-02 01:00,0.5994507865928013
2025-10-02 02:00,0.5062430194804476
2025-10-02 03:00,0.3368908573187499
2025-10-02 04:00,0.4907597037513801
2025-10-02 05:00,0.46044920635488573
2025-10-02 06:00,0.3610749182526499
2025-10-02 07:00,0.4098494527835881
2025-10-02 08:00,0.3158009634883864
2025-10-02 09:00,0.21308327516949854
2025-10-02 10:00,0.0968146291885682
2025-10-02 11:00,0.1698915900435482
2025-10-02 12:00,0.28351119170075
2025-10-02 13:00,0.9385277044658742
2025-10-02 14:00,0.48791780405201357
2025-10-02 15:00,0.7790379116714826
2025-10-02 16:00,0.4652275502406333
2025-10-02 17:00,0.16459148443495036
2025-10-02 18:00,0.17560916595165366
2025-10-02 19:00,0.4656104080036112
2025-10-02 20:00,2.634780865177023
2025-10-02 21:00,3.3100850129866783
2025-10-02 22:00,3.3285349241565445
2025-10-02 23:00,4.832491751885804
2025-10-03 00:00,3.933378266496714
2025-10-03 01:00,4.934134079857644
2025-10-03 02:00,13.90871598401057
2025-10-03 03:00,19.30255562115704
2025-10-03 04:00,23.116862765324534
2025-10-03 05:00,23.06608131406681
2025-10-03 06:00,24.165575315830957
2025-10-03 07:00,25.80804459547337
2025-10-03 08:00,27.893595086968958
2025-10-03 09:00,29.539697627420477
2025-10-03 10:00,33.1317218440081
2025-10-03 11:00,37.39422414131123
2025-10-03 12:00,30.829323062140464
2025-10-03 13:00,35.03756523133857
2025-10-03 14:00,36.24141882099204
2025-10-03 15:00,35.8441070546106
2025-10-03 16:00,23.44268403215105
2025-10-03 17:00,25.20954833733736
2025-10-03 18:00,18.56415412641153
2025-10-03 19:00,17.412763450225913
2025-10-03 20:00,14.588350950664836
2025-10-03 21:00,16.409039556849766
2025-10-03 22:00,15.408494076193136
2025-10-03 23:00,14.589936595651654
2025-10-04 00:00,10.224396800844435
2025-10-04 01:00,7.5607968768555605
2025-10-04 02:00,7.694004437614749
2025-10-04 03:00,9.011694502328185
2025-10-04 04:00,6.684121401590124
2025-10-04 05:00,6.783091681515016
2025-10-04 06:00,5.977316291086312
2025-10-04 07:00,5.186965273333508
2025-10-04 08:00,4.319009797060297
2025-10-04 09:00,2.3375553140903964
2025-10-04 10:00,1.9556465854191563
2025-10-04 11:00,2.7723791911395588
2025-10-04 12:00,1.5847948759471815
2025-10-04 13:00,2.0034071615424383
2025-10-04 14:00,2.0814876642876707
2025-10-04 15:00,3.0776068218374544
2025-10-04 16:00,2.5198984993179434
2025-10-04 17:00,1.5924571758487536
2025-10-04 18:00,0.5220473907905063
2025-10-04 19:00,0.3449124244230699
2025-10-04 20:00,0.18203661627130166
2025-10-04 21:00,0.2918978731431198
2025-10-04 22:00,0.3594556177388872
2025-10-04 23:00,0.12218395319610331
2025-10-05 00:00,0.19728362626341542
2025-10-05 01:00,0.39390123324205584
2025-10-05 02:00,0.26165477682744237
2025-10-05 03:00,0.284461382659034
2025-10-05 04:00,0.6109035025316332
2025-10-05 05:00,0.4497165130665672
2025-10-05 06:00,0.7482494278348765
2025-10-05 07:00,0.1847313568116264
2025-10-05 08:00,0.1530676434965979
2025-10-05 09:00,0.27222804164653447
2025-10-05 10:00,0.20271174004302342
2025-10-05 11:00,0.40810236626003404
2025-10-05 12:00,0.4463348053758956
2025-10-05 13:00,0.6612226327184987
2025-10-05 14:00,0.31908739248906454
2025-10-05 15:00,0.3722945882740332
2025-10-05 16:00,0.47722220325031217
2025-10-05 17:00,0.2729597048984042
2025-10-05 18:00,0.35587510380523646
2025-10-05 19:00,0.25741841409925337
2025-10-05 20:00,0.48881445479174035
2025-10-05 21:00,0.48906030256366134
2025-10-05 22:00,0.5593268333727636
2025-10-05 23:00,0.38937195284587817
2025-10-06 00:00,0.09910662312267632
2025-10-06 01:00,0.4774080836529785
2025-10-06 02:00,1.3271601847490813
2025-10-06 03:00,1.2313914425171693
2025-10-06 04:00,1.5112187514644626
2025-10-06 05:00,1.7325426417435787
2025-10-06 06:00,3.3498404608855106
2025-10-06 07:00,4.563810225469279
2025-10-06 08:00,8.086992721860238
2025-10-06 09:00,12.643007314991795
2025-10-06 10:00,14.25601059833173
2025-10-06 11:00,17.244857284538885
2025-10-06 12:00,21.63473195052995
2025-10-06 13:00,24.996340143265357
2025-10-06 14:00,23.691111446609415
2025-10-06 15:00,25.03779164934798
2025-10-06 16:00,23.449488322149808
2025-10-06 17:00,26.111486479157254
2025-10-06 18:00,26.28603355041044
2025-10-06 19:00,28.94930106220325
2025-10-06 20:00,32.75187947875365
2025-10-06 21:00,34.31858408607715
2025-10-06 22:00,34.066039161162855
2025-10-06 23:00,27.328659994498725
2025-10-07 00:00,31.131469039507827
2025-10-07 01:00,30.123884975017262
2025-10-07 02:00,26.102049764564548
2025-10-07 03:00,21.3885853154071
2025-10-07 04:00,18.65128595175919
2025-10-07 05:00,14.89675914664308
2025-10-07 06:00,13.517508748951116
2025-10-07 07:00,11.630836881430886
2025-10-07 08:00,9.589023059081653
2025-10-07 09:00,5.448950479263287
2025-10-07 10:00,5.437306883004895
2025-10-07 11:00,5.737644010683292
2025-10-07 12:00,5.802120402941658
2025-10-07 13:00,4.795821525930982
2025-10-07 14:00,3.7635549550788108
2025-10-07 15:00,4.890056525205903
2025-10-07 16:00,4.243596899891741
2025-10-07 17:00,3.8789927231892074
2025-10-07 18:00,3.688286929813577
2025-10-07 19:00,3.3556542451409515
2025-10-07 20:00,1.9930094339646252
2025-10-07 21:00,2.594092831285031
2025-10-07 22:00,2.634342680301804
2025-10-07 23:00,3.0184872970670344
2025-10-08 00:00,7.515672325383661
2025-10-08 01:00,8.97652635458249
2025-10-08 02:00,9.644495693483687
2025-10-08 03:00,10.730777768153274
2025-10-08 04:00,12.284635441259015
2025-10-08 05:00,12.45746493894227
2025-10-08 06:00,13.979433975093404
2025-10-08 07:00,15.060806653393973
2025-10-08 08:00,14.863260607254958
2025-10-08 09:00,15.89603410813598
2025-10-08 10:00,16.15188710518355
2025-10-08 11:00,14.526837559270103
2025-10-08 12:00,17.38865794645407
2025-10-08 13:00,16.608543130047543
2025-10-08 14:00,16.939863371039657
2025-10-08 15:00,19.314107195694568
2025-10-08 16:00,21.544423295771498
2025-10-08 17:00,19.61975598308866
2025-10-08 18:00,15.915403925575408
2025-10-08 19:00,14.90649920950176
2025-10-08 20:00,9.919677694414766
2025-10-08 21:00,6.7101926550643185
2025-10-08 22:00,4.144833891510117
2025-10-08 23:00,1.6856601126935
2025-10-09 00:00,0.7690158050769742
2025-10-09 01:00,0.4673970779333073
2025-10-09 02:00,0.417642042661416
2025-10-09 03:00,0.8220275041857583
2025-10-09 04:00,1.159596773053339
2025-10-09 05:00,0.879580106581587
2025-10-09 06:00,1.102047679050239
2025-10-09 07:00,1.5312762332144803
2025-10-09 08:00,1.8045776791591799
2025-10-09 09:00,2.3011731074168464
2025-10-09 10:00,2.5770066410854446
2025-10-09 11:00,2.35696965487625
2025-10-09 12:00,2.1986327552192266
2025-10-09 13:00,1.3882842770668915
2025-10-09 14:00,1.292499955054384
2025-10-09 15:00,1.4551724825502632
2025-10-09 16:00,1.8782677785518151
2025-10-09 17:00,2.442602200273603
2025-10-09 18:00,4.274925989328983
2025-10-09 19:00,9.492773458092264
2025-10-09 20:00,12.866632526453895
2025-10-09 21:00,11.872956394734981
2025-10-09 22:00,11.728968160700388
2025-10-09 23:00,11.300560099815609
2025-10-10 00:00,11.557828583318525
2025-10-10 01:00,12.134919204186719
2025-10-10 02:00,11.78173198090909
2025-10-10 03:00,10.695232588192962
2025-10-10 04:00,5.690838165685642
2025-10-10 05:00,5.309958579345435
2025-10-10 06:00,4.213904227353385
2025-10-10 07:00,2.9459396330145884
2025-10-10 08:00,2.4715686617639445
2025-10-10 09:00,2.2594573027652434
2025-10-10 10:00,0.7300901187459345
2025-10-10 11:00,0.7242531671203398
2025-10-10 12:00,2.363430487822052
2025-10-10 13:00,1.3790949799910623
2025-10-10 14:00,2.3678755743857716
2025-10-10 15:00,3.794403007818069
2025-10-10 16:00,4.34165356836632
2025-10-10 17:00,3.8860111660632146
2025-10-10 18:00,2.6693091646901883
2025-10-10 19:00,3.1895382907488257
2025-10-10 20:00,2.794574365335338
2025-10-10 21:00,2.330196186234929
2025-10-10 22:00,2.3417272105908364
2025-10-10 23:00,2.1729514176756566
2025-10-11 00:00,5.344931621134933
2025-10-11 01:00,4.375391479047096
2025-10-11 02:00,3.1841064532181473
2025-10-11 03:00,2.6634770615407364
2025-10-11 04:00,2.8672110505712443
2025-10-11 05:00,2.3524014650905434
2025-10-11 06:00,1.953060997598996
2025-10-11 07:00,2.2958695186155276
2025-10-11 08:00,2.3675430364486063
2025-10-11 09:00,2.5554072973249564
2025-10-11 10:00,2.9886799458838498
2025-10-11 11:00,3.928242941369782
2025-10-11 12:00,4.344219215115107
2025-10-11 13:00,5.639885088154776
2025-10-11 14:00,4.721216814849749
2025-10-11 15:00,4.81417749169027
2025-10-11 16:00,3.4282945638708857
2025-10-11 17:00,1.7903771408563514
2025-10-11 18:00,2.12017712506277
2025-10-11 19:00,0.8114568287947594
2025-10-11 20:00,2.0098562367369417
2025-10-11 21:00,1.3942340994615063
2025-10-11 22:00,1.9531736182843031
2025-10-11 23:00,3.107846293142999
2025-10-12 00:00,2.3453960093377586
2025-10-12 01:00,1.879177259172482
2025-10-12 02:00,2.5726780963659444
2025-10-12 03:00,2.32031242953218
2025-10-12 04:00,2.0321313310134865
2025-10-12 05:00,1.4425300409732615
2025-10-12 06:00,1.213645469889875
2025-10-12 07:00,1.2290195118391942
2025-10-12 08:00,1.470145656583762
2025-10-12 09:00,1.420637060904165
2025-10-12 10:00,1.547326299761052
2025-10-12 11:00,1.5265871901210035
2025-10-12 12:00,1.730749557519817
2025-10-12 13:00,2.483420376542443
2025-10-12 14:00,2.790429759256369
2025-10-12 15:00,2.5770109347817423
2025-10-12 16:00,2.03700705431148
2025-10-12 17:00,1.170299359845289
2025-10-12 18:00,0.7342840959501716
2025-10-12 19:00,0.09257882420187674
2025-10-12 20:00,0.010101356610382917
2025-10-12 21:00,0.17732398995782225
2025-10-12 22:00,0.09013327700361326
2025-10-12 23:00,0.24757876457426709
2025-10-13 00:00,0.1472085318531462
2025-10-13 01:00,0.357877501752487
2025-10-13 02:00,0.440573243055031
2025-10-13 03:00,0.5515936307709712
2025-10-13 04:00,0.6690536583983361
2025-10-13 05:00,0.7499408033834623
2025-10-13 06:00,1.844668953661299
2025-10-13 07:00,2.28975004296559
2025-10-13 08:00,3.3692702294106414
2025-10-13 09:00,7.801469538112897
2025-10-13 10:00,10.958876755912234
2025-10-13 11:00,17.81293337464917
2025-10-13 12:00,19.560826741025934
2025-10-13 13:00,25.20041458180649
2025-10-13 14:00,28.75352909721184
2025-10-13 15:00,29.87342268323711
2025-10-13 16:00,26.555483479652427
2025-10-13 17:00,22.995805251442548
2025-10-13 18:00,16.740677744045467
2025-10-13 19:00,10.97347000721822
2025-10-13 20:00,7.439405321289714
2025-10-13 21:00,3.4469685575440328
2025-10-13 22:00,2.9686296920827364
2025-10-13 23:00,2.976918928515327
2025-10-14 00:00,2.9170841763742734
2025-10-14 01:00,3.515399879003888
2025-10-14 02:00,5.9145331032261925
2025-10-14 03:00,7.158712314851914
2025-10-14 04:00,7.543809610483389
2025-10-14 05:00,5.3935714905489345
2025-10-14 06:00,9.41915143398898
2025-10-14 07:00,6.008332658709617
2025-10-14 08:00,4.281808970288399
2025-10-14 09:00,7.0793875402134985
2025-10-14 10:00,3.260997911694612
2025-10-14 11:00,0.8263794126808567
2025-10-14 12:00,2.0370725322285304
2025-10-14 13:00,0.9168363350913831
2025-10-14 14:00,0.5232703216541267
2025-10-14 15:00,0.532266226022344
2025-10-14 16:00,0.6254645288699588
2025-10-14 17:00,0.21692842729277553
2025-10-14 18:00,0.1775036842438347
2025-10-14 19:00,0.6850515558218647
2025-10-14 20:00,0.5626841026145473
2025-10-14 21:00,0.6559010038002895
2025-10-14 22:00,1.4201346434132658
2025-10-14 23:00,3.91440866902784
2025-10-15 00:00,1.115289381289787
2025-10-15 01:00,0.6617204904669185
2025-10-15 02:00,0.9368460882403422
2025-10-15 03:00,0.659757286498862
2025-10-15 04:00,0.9918336286791984
2025-10-15 05:00,1.0950797888483041
2025-10-15 06:00,1.173914473089972
2025-10-15 07:00,1.4005872790162166
2025-10-15 08:00,1.5826752353760982
2025-10-15 09:00,1.1343169841529095
2025-10-15 10:00,0.6088208896012707
2025-10-15 11:00,0.9015167041645786
2025-10-15 12:00,0.8891165100725604
2025-10-15 13:00,1.412634337980491
2025-10-15 14:00,1.9201709040974162
2025-10-15 15:00,4.035406348201768
2025-10-15 16:00,5.184610519863222
2025-10-15 17:00,11.171429524450907
2025-10-15 18:00,10.943560564579307
2025-10-15 19:00,10.449684280705835
2025-10-15 20:00,11.63412365380874
2025-10-15 21:00,16.4247157243841
2025-10-15 22:00,14.213541688432796
2025-10-15 23:00,16.60216459587425
2025-10-16 00:00,33.982126588430894
2025-10-16 01:00,37.34314009370575
2025-10-16 02:00,37.15579138998432
2025-10-16 03:00,28.17262285861507
2025-10-16 04:00,30.114113774983263
2025-10-16 05:00,31.830006921470968
2025-10-16 06:00,21.688676539219507
2025-10-16 07:00,20.242218253343832
2025-10-16 08:00,16.77290943233579
2025-10-16 09:00,12.278060188287917
2025-10-16 10:00,13.49047041864871
2025-10-16 11:00,13.45376010599056
2025-10-16 12:00,13.814514176654903
2025-10-16 13:00,14.625194097518445
2025-10-16 14:00,15.22559259068971
2025-10-16 15:00,15.724215714193267
2025-10-16 16:00,12.234273150010617
2025-10-16 17:00,12.775001442882326
2025-10-16 18:00,12.409559948797654
2025-10-16 19:00,11.467454870349224
2025-10-16 20:00,10.354946405431486
2025-10-16 21:00,9.46155324122422
2025-10-16 22:00,6.289329344638517
2025-10-16 23:00,4.379947390816417
2025-10-17 00:00,3.593961547677541
2025-10-17 01:00,6.323839073003009
2025-10-17 02:00,5.001094372406591
2025-10-17 03:00,8.224524468646514
2025-10-17 04:00,7.460963624323858
2025-10-17 05:00,10.005535081522943
2025-10-17 06:00,9.619279471555604
2025-10-17 07:00,8.916885541946888
2025-10-17 08:00,7.784148535018013
2025-10-17 09:00,6.8543616826329075
2025-10-17 10:00,4.720358096480524
2025-10-17 11:00,4.396653852811005
2025-10-17 12:00,6.2050347720487435
2025-10-17 13:00,7.113543100655745
2025-10-17 14:00,7.055533675776399
2025-10-17 15:00,5.84916533031488
2025-10-17 16:00,6.649658143841457
2025-10-17 17:00,7.432867364932488
2025-10-17 18:00,8.340508106759092
2025-10-17 19:00,13.43431845475623
2025-10-17 20:00,17.63260517857833
2025-10-17 21:00,24.194529080777485
2025-10-17 22:00,32.0854978905011
2025-10-17 23:00,29.156989651464297
2025-10-18 00:00,28.345614419085756
2025-10-18 01:00,31.604448620020285
2025-10-18 02:00,31.51304657919784
2025-10-18 03:00,29.734778503826483
2025-10-18 04:00,31.494034367787272
2025-10-18 05:00,42.59323344593879
2025-10-18 06:00,42.924140720898855
2025-10-18 07:00,42.28847177224958
2025-10-18 08:00,39.47972837344658
2025-10-18 09:00,41.86079571897345
2025-10-18 10:00,40.51876769537157
2025-10-18 11:00,46.26263551415566
2025-10-18 12:00,48.079293492976404
2025-10-18 13:00,49.24147452691378
2025-10-18 14:00,51.20956010628168
2025-10-18 15:00,48.339399310459875
2025-10-18 16:00,48.34216360020368
2025-10-18 17:00,41.623506336052365
2025-10-18 18:00,39.055101337519744
2025-10-18 19:00,33.307623126034144
2025-10-18 20:00,28.01023592244082
2025-10-18 21:00,21.851280487815295
2025-10-18 22:00,16.964400668541057
2025-10-18 23:00,13.160534053275626
2025-10-19 00:00,8.070941002029345
2025-10-19 01:00,5.885846163007912
2025-10-19 02:00,6.063714255484328
2025-10-19 03:00,5.410681550652256
2025-10-19 04:00,4.727156328203017
2025-10-19 05:00,4.646383149724905
2025-10-19 06:00,4.940553126596929
2025-10-19 07:00,3.9359524968555033
2025-10-19 08:00,4.477646516891131
2025-10-19 09:00,4.850804609307966
2025-10-19 10:00,5.504621286044832
2025-10-19 11:00,8.180480266588994
2025-10-19 12:00,13.78861771085968
2025-10-19 13:00,23.69091642088095
2025-10-19 14:00,35.24189231485531
2025-10-19 15:00,46.164794659542125
2025-10-19 16:00,48.197119679641105
2025-10-19 17:00,51.33947785145361
2025-10-19 18:00,55.316159661399425
2025-10-19 19:00,55.18858625300298
2025-10-19 20:00,56.69971358714935
2025-10-19 21:00,54.82785061809311
2025-10-19 22:00,55.60431144116513
2025-10-19 23:00,54.49988790911176
2025-10-20 00:00,54.88546335667588
2025-10-20 01:00,56.730752384006564
2025-10-20 02:00,55.32467501696728
2025-10-20 03:00,56.09407510294659
2025-10-20 04:00,53.06128168634166
2025-10-20 05:00,53.76809473862349
2025-10-20 06:00,51.22182091383383
2025-10-20 07:00,48.773013584447284
2025-10-20 08:00,49.345482390544404
2025-10-20 09:00,47.48662924163927
2025-10-20 10:00,44.67547062565626
2025-10-20 11:00,45.294366370069405
2025-10-20 12:00,48.54626454548385
2025-10-20 13:00,50.54788925037132
2025-10-20 14:00,49.95280936793004
2025-10-20 15:00,50.41332342797948
2025-10-20 16:00,52.15140440841007
2025-10-20 17:00,52.68326053501383
2025-10-20 18:00,52.12934626872789
2025-10-20 19:00,51.637334913356426
2025-10-20 20:00,49.0408754681263
2025-10-20 21:00,48.18175018083662
2025-10-20 22:00,44.72377018350602
2025-10-20 23:00,42.67912184907087
2025-10-21 00:00,43.376312884512814
2025-10-21 01:00,40.89830494967133
2025-10-21 02:00,36.41189606778278
2025-10-21 03:00,38.07244690751113
2025-10-21 04:00,36.18751910278178
2025-10-21 05:00,35.95091597679793
2025-10-21 06:00,36.6844045430382
2025-10-21 07:00,36.5084024697009
2025-10-21 08:00,37.55212128178397
2025-10-21 09:00,38.59223704904368
2025-10-21 10:00,36.89571352010637
2025-10-21 11:00,37.61626595916677
2025-10-21 12:00,39.80409529046633
2025-10-21 13:00,41.434353316712944
2025-10-21 14:00,45.46352304009418
2025-10-21 15:00,47.95121106685366
2025-10-21 16:00,49.18540815923805
2025-10-21 17:00,47.122297529228405
2025-10-21 18:00,46.58683357224933
2025-10-21 19:00,46.2993604079906
2025-10-21 20:00,42.29090897383285
2025-10-21 21:00,34.035836616362964
2025-10-21 22:00,31.26905188160584
2025-10-21 23:00,29.442792018954854
2025-10-22 00:00,27.08579636748248
2025-10-22 01:00,26.221854812961645
2025-10-22 02:00,26.80761473995487
2025-10-22 03:00,26.834545281442768
2025-10-22 04:00,27.386972715803317
2025-10-22 05:00,24.774840244750056
2025-10-22 06:00,24.086549778080766
2025-10-22 07:00,22.537669874360052
2025-10-22 08:00,20.427235608804473
2025-10-22 09:00,19.64636641842269
2025-10-22 10:00,14.739760246582946
2025-10-22 11:00,13.586764503780273
2025-10-22 12:00,13.776842982305041
2025-10-22 13:00,13.110783581784013
2025-10-22 14:00,13.937656727570538
2025-10-22 15:00,13.410352662710558
2025-10-22 16:00,13.055627479460455
2025-10-22 17:00,13.637665817382715
2025-10-22 18:00,17.951775352994172
2025-10-22 19:00,16.640165394730225
2025-10-22 20:00,11.646399707200375
2025-10-22 21:00,8.894781232634791
2025-10-22 22:00,8.478102004567786
2025-10-22 23:00,5.913323016009681
2025-10-23 00:00,7.49949377061856
2025-10-23 01:00,10.097430593454305
2025-10-23 02:00,9.720255071754906
2025-10-23 03:00,12.265481714628788
2025-10-23 04:00,12.464297129884695
2025-10-23 05:00,5.779586244824125
2025-10-23 06:00,3.5181232694341857
2025-10-23 07:00,5.247187158717543
2025-10-23 08:00,3.4481215497353923
2025-10-23 09:00,3.802894960658212
2025-10-23 10:00,2.8590914533213283
2025-10-23 11:00,2.6164855639272235
2025-10-23 12:00,4.201107988983155
2025-10-23 13:00,6.74670678335819
2025-10-23 14:00,10.61749468709405
2025-10-23 15:00,17.636210654068414
2025-10-23 16:00,22.726206925990027
2025-10-23 17:00,18.704696917616488
2025-10-23 18:00,19.553628354958796
2025-10-23 19:00,20.243599426467725
2025-10-23 20:00,16.205949054829084
2025-10-23 21:00,14.285820044155852
2025-10-23 22:00,12.520561927732325
2025-10-23 23:00,9.72889592469676
2025-10-24 00:00,12.760297373036622
2025-10-24 01:00,12.458756515680939
2025-10-24 02:00,12.888971030406818
2025-10-24 03:00,12.89609450559501
2025-10-24 04:00,13.644011312642746
2025-10-24 05:00,12.072896256840858
2025-10-24 06:00,10.665415435795902
2025-10-24 07:00,9.910776551006306
2025-10-24 08:00,8.836886915649629
2025-10-24 09:00,7.955513745173681
2025-10-24 10:00,5.623801166399717
2025-10-24 11:00,3.727160534930159
2025-10-24 12:00,4.582847702843953
2025-10-24 13:00,3.2772600411739923
2025-10-24 14:00,3.927819013393535
2025-10-24 15:00,5.606959739256813
2025-10-24 16:00,7.468788062134182
2025-10-24 17:00,8.235421122803867
2025-10-24 18:00,10.071965210442514
2025-10-24 19:00,8.333131040323513
2025-10-24 20:00,5.527738537435473
2025-10-24 21:00,3.6759704044171944
2025-10-24 22:00,3.3760332726109112
2025-10-24 23:00,4.4481020073036
2025-10-25 00:00,2.032948970237649
2025-10-25 01:00,2.491958613446564
2025-10-25 02:00,3.3367395300670073
2025-10-25 03:00,4.137134484100004
2025-10-25 04:00,5.642418834325143
2025-10-25 05:00,7.628921248949791
2025-10-25 06:00,8.797844823931532
2025-10-25 07:00,10.472615034305434
2025-10-25 08:00,12.360948293691584
2025-10-25 09:00,12.363102322931248
2025-10-25 10:00,12.796647972639434
2025-10-25 11:00,13.77907535956245
2025-10-25 12:00,14.44169926695204
2025-10-25 13:00,12.792929210957478
2025-10-25 14:00,15.46790559298236
2025-10-25 15:00,21.24677975445697
2025-10-25 16:00,23.386549758207227
2025-10-25 17:00,25.274158164032627
2025-10-25 18:00,27.931583212148006
2025-10-25 19:00,30.329655453388483
2025-10-25 20:00,26.319445537788162
2025-10-25 21:00,18.42953462683971
2025-10-25 22:00,19.604584437769848
2025-10-25 23:00,18.651757002987182
2025-10-26 00:00,16.796663073583566
2025-10-26 01:00,18.868131249108046
2025-10-26 02:00,22.13598594930813
2025-10-26 03:00,21.258982788180997
2025-10-26 04:00,20.92910786026989
2025-10-26 05:00,16.66677775623555
2025-10-26 06:00,10.228578344038278
2025-10-26 07:00,11.090536718866215
2025-10-26 08:00,8.51685694817004
2025-10-26 09:00,8.699273542645104
2025-10-26 10:00,6.931604357956834
2025-10-26 11:00,8.298164823946326
2025-10-26 12:00,12.055115102534625
2025-10-26 13:00,15.778926717453754
2025-10-26 14:00,22.57507504117186
2025-10-26 15:00,33.00625310622489
2025-10-26 16:00,33.95855772377124
2025-10-26 17:00,32.52101812078523
2025-10-26 18:00,30.138019513771255
2025-10-26 19:00,27.651640106992247
2025-10-26 20:00,34.39161553001746
2025-10-26 21:00,36.55139378088123
2025-10-26 22:00,34.41122519430053
2025-10-26 23:00,38.11714917386687
2025-10-27 00:00,25.83331790920672
2025-10-27 01:00,53.23319105083662
2025-10-27 02:00,56.84177841914769
2025-10-27 03:00,56.18392640338927
2025-10-27 04:00,56.00369378291341
2025-10-27 05:00,51.25455913430733
2025-10-27 06:00,46.561261060538115
2025-10-27 07:00,40.39283136772973
2025-10-27 08:00,31.499389760685435
2025-10-27 09:00,34.64583702074644
2025-10-27 10:00,31.742914879413178
2025-10-27 11:00,30.086520882334547
2025-10-27 12:00,26.11041373813648
2025-10-27 13:00,18.423183663258012
2025-10-27 14:00,19.774261580852343
2025-10-27 15:00,34.10556051473819
2025-10-27 16:00,29.80711506924661
2025-10-27 17:00,23.289950447543788
2025-10-27 18:00,33.18080849264972
2025-10-27 19:00,30.31231208645604
2025-10-27 20:00,26.023136640002534
2025-10-27 21:00,25.636929603145965
2025-10-27 22:00,31.317999213246253
2025-10-27 23:00,23.335070898611647
2025-10-28 00:00,18.199642665578565
2025-10-28 01:00,24.165055285389755
2025-10-28 02:00,20.420371773021593
2025-10-28 03:00,18.012001534147664
2025-10-28 04:00,17.187082891051826
2025-10-28 05:00,14.341960795052689
2025-10-28 06:00,13.701703370004221
2025-10-28 07:00,10.363996094355816
2025-10-28 08:00,7.446859882594476
2025-10-28 09:00,7.200698256016098
2025-10-28 10:00,7.28421219910286
2025-10-28 11:00,6.552887009897546
2025-10-28 12:00,5.8180886912249665
2025-10-28 13:00,4.457520346247144
2025-10-28 14:00,4.988917448263155
2025-10-28 15:00,4.630140747310302
2025-10-28 16:00,3.624321075130484
2025-10-28 17:00,2.7904394121998326
2025-10-28 18:00,1.5594762834154368
2025-10-28 19:00,1.1356413446971378
2025-10-28 20:00,1.2182588311215574
2025-10-28 21:00,1.217801892280992
2025-10-28 22:00,1.137969843413184
2025-10-28 23:00,1.768776477233328
2025-10-29 00:00,3.274601475609418
2025-10-29 01:00,4.250686693193691
2025-10-29 02:00,4.219466776805903
2025-10-29 03:00,4.87322828117014
2025-10-29 04:00,4.196212868576751
2025-10-29 05:00,4.1507437796459445
2025-10-29 06:00,3.4390258916505037
2025-10-29 07:00,3.0392256831117197
2025-10-29 08:00,2.3843559034789643
2025-10-29 09:00,1.8195161809286469
2025-10-29 10:00,2.4629977421722113
2025-10-29 11:00,2.2772771009434387
2025-10-29 12:00,2.373645697634223
2025-10-29 13:00,1.6162368537635317
2025-10-29 14:00,0.840421917595769
2025-10-29 15:00,0.4868744554246365
2025-10-29 16:00,0.6868724437956439
2025-10-29 17:00,0.8294713280944103
2025-10-29 18:00,1.4709296161260805
2025-10-29 19:00,0.821596834779742
2025-10-29 20:00,1.345614210649242
2025-10-29 21:00,0.6687518870510427
2025-10-29 22:00,0.9077335231229156
2025-10-29 23:00,0.9683679585736732
2025-10-30 00:00,0.8983173501297257
2025-10-30 01:00,0.9207260471912593
2025-10-30 02:00,1.20101211716966
2025-10-30 03:00,1.0869170841067097
2025-10-30 04:00,1.9708736730032779
2025-10-30 05:00,1.8870916571671863
2025-10-30 06:00,1.965785934494883
2025-10-30 07:00,1.6902784091334133
2025-10-30 08:00,0.861091997409265
2025-10-30 09:00,0.5921370345576973
2025-10-30 10:00,0.25201794423419516
2025-10-30 11:00,0.2189416478849057
2025-10-30 12:00,0.3241170558855542
2025-10-30 13:00,0.5164681817239607
2025-10-30 14:00,0.3638890228277238
2025-10-30 15:00,0.645839396873298
2025-10-30 16:00,1.1018755439731118
2025-10-30 17:00,1.1969419994717694
2025-10-30 18:00,1.199700004896719
2025-10-30 19:00,1.4310382649972677
2025-10-30 20:00,1.7572175471240397
2025-10-30 21:00,2.388896611511225
2025-10-30 22:00,1.9646477816513375
2025-10-30 23:00,1.872280331320608
2025-10-31 00:00,1.9135816229430433
2025-10-31 01:00,1.6937456913293925
2025-10-31 02:00,1.6033978116631236
2025-10-31 03:00,1.91690995350789
2025-10-31 04:00,2.410358418575621
2025-10-31 05:00,2.559465260061738
2025-10-31 06:00,1.8659348332122052
2025-10-31 07:00,1.6837404662168767
2025-10-31 08:00,0.884399281593282
2025-10-31 09:00,0.7006447279003194
2025-10-31 10:00,0.6035349107037499
2025-10-31 11:00,0.46616558473260183
2025-10-31 12:00,0.6914961538434677
2025-10-31 13:00,1.0970790183849795
2025-10-31 14:00,4.592920457974313
2025-10-31 15:00,8.411775006377873
2025-10-31 16:00,10.708181685212004
2025-10-31 17:00,11.136813059367906
2025-10-31 18:00,7.131710599715815
2025-10-31 19:00,5.685066113664297
2025-10-31 20:00,6.2065075941897625
2025-10-31 21:00,10.755439910225627
2025-10-31 22:00,16.32243692332109
2025-10-31 23:00,17.03515628527739
2025-11-01 00:00,22.26320445563424
2025-11-01 01:00,25.422175313738947
2025-11-01 02:00,29.029002610922078
2025-11-01 03:00,35.892496706979436
2025-11-01 04:00,36.86653281690758
2025-11-01 05:00,37.833312217184556
2025-11-01 06:00,34.74055094805381
2025-11-01 07:00,37.84066248999557
2025-11-01 08:00,38.03579966250027
2025-11-01 09:00,36.270467543826285
2025-11-01 10:00,35.03886156133842
2025-11-01 11:00,34.2362499308049
2025-11-01 12:00,36.85599734751935
2025-11-01 13:00,33.40189943135121
2025-11-01 14:00,36.33208338231204
2025-11-01 15:00,38.132586872962825
2025-11-01 16:00,40.313898293233215
2025-11-01 17:00,36.75201622896853
2025-11-01 18:00,39.292057672438744
2025-11-01 19:00,36.31722034789682
2025-11-01 20:00,34.82595127176733
2025-11-01 21:00,36.36168427188042
2025-11-01 22:00,42.00801968680598
2025-11-01 23:00,45.10763503858799
2025-11-02 00:00,46.315943759906794
2025-11-02 01:00,46.9912904699695
2025-11-02 02:00,47.33750640620698
2025-11-02 03:00,47.382939786090105
2025-11-02 04:00,51.841231322537894
2025-11-02 05:00,58.131035023995736
2025-11-02 06:00,54.95935611658547
2025-11-02 07:00,58.49688745368123
2025-11-02 08:00,53.26089100571583
2025-11-02 09:00,57.06436401205039
2025-11-02 10:00,57.51524686396984
2025-11-02 11:00,55.34769403640341
2025-11-02 12:00,55.72938483579633
2025-11-02 13:00,55.49458101286098
2025-11-02 14:00,53.63185727418417
2025-11-02 15:00,53.99225621145672
2025-11-02 16:00,54.96264519581152
2025-11-02 17:00,56.00308959484139
2025-11-02 18:00,56.39525737748044
2025-11-02 19:00,55.28611137853526
2025-11-02 20:00,56.225779359328584
2025-11-02 21:00,55.92345221508387
2025-11-02 22:00,54.921088400422846
2025-11-02 23:00,53.117221498061525
2025-11-03 00:00,51.09019590203118
2025-11-03 01:00,45.3239800615628
2025-11-03 02:00,38.415452277723936
2025-11-03 03:00,30.016240335763797
2025-11-03 04:00,23.902208230359197
2025-11-03 05:00,17.723958752352367
2025-11-03 06:00,12.137719265314075
2025-11-03 07:00,10.01938006998742
2025-11-03 08:00,7.413782318338534
2025-11-03 09:00,6.35773750984028
2025-11-03 10:00,5.4667747941505205
2025-11-03 11:00,4.291300496851725
2025-11-03 12:00,3.032269437834186
2025-11-03 13:00,1.8823186725395562
2025-11-03 14:00,1.7121804975772514
2025-11-03 15:00,2.1695941608782268
2025-11-03 16:00,2.246928389614142
2025-11-03 17:00,2.2803123958662606
2025-11-03 18:00,2.4598938234463263
2025-11-03 19:00,1.8481062502227559
2025-11-03 20:00,0.7690288571755681
2025-11-03 21:00,0.3404383520655431
2025-11-03 22:00,0.629387586076296
2025-11-03 23:00,0.16608323187482973
2025-11-04 00:00,0.19201440521413504
2025-11-04 01:00,0.1966219900908441
2025-11-04 02:00,0.39098527566724717
2025-11-04 03:00,0.5736663068504062
2025-11-04 04:00,0.8767104052768552
2025-11-04 05:00,1.3056478143409804
2025-11-04 06:00,1.1059555568892856
2025-11-04 07:00,0.9597537842940134
2025-11-04 08:00,0.9558935848904115
2025-11-04 09:00,0.377763185049235
2025-11-04 10:00,0.6293181705161711
2025-11-04 11:00,0.719640584016189
2025-11-04 12:00,0.8366611985507337
2025-11-04 13:00,1.6385272371598796
2025-11-04 14:00,2.6852152149179065
2025-11-04 15:00,3.9173958716587487
2025-11-04 16:00,6.0337300437607375
2025-11-04 17:00,7.600926031975657
2025-11-04 18:00,8.229733665088304
2025-11-04 19:00,8.092873803123888
2025-11-04 20:00,6.63346266089878
2025-11-04 21:00,6.071378853109337
2025-11-04 22:00,5.038411931727728
2025-11-04 23:00,4.627529295737175
2025-11-05 00:00,4.943784428930216
2025-11-05 01:00,5.347994294369961
2025-11-05 02:00,5.916914717109761
2025-11-05 03:00,6.047806758485196
2025-11-05 04:00,6.0893026624875475
2025-11-05 05:00,5.636583191367237
2025-11-05 06:00,5.2238980115258045
2025-11-05 07:00,4.20551832247406
2025-11-05 08:00,3.3834631360120846
2025-11-05 09:00,2.769380992601386
2025-11-05 10:00,1.841925321536203
2025-11-05 11:00,1.4895748974366523
2025-11-05 12:00,1.3530809910279313
2025-11-05 13:00,1.713615605550884
2025-11-05 14:00,3.3408978104134492
2025-11-05 15:00,7.3857301498765775
2025-11-05 16:00,9.744902787661854
2025-11-05 17:00,10.773141198140985
2025-11-05 18:00,11.711529843087785
2025-11-05 19:00,8.454126408924779
2025-11-05 20:00,7.188456566732263
2025-11-05 21:00,5.678574611450401
2025-11-05 22:00,4.589801892693437
2025-11-05 23:00,3.8842762423456083
2025-11-06 00:00,3.7692427244180013
2025-11-06 01:00,4.261262645390696
2025-11-06 02:00,3.6945469779993823
2025-11-06 03:00,5.8711221414202575
2025-11-06 04:00,7.280195360418668
2025-11-06 05:00,7.515321154734823
2025-11-06 06:00,8.248936977131576
2025-11-06 07:00,8.73502420983991
2025-11-06 08:00,8.089373963305427
2025-11-06 09:00,9.367465888213475
2025-11-06 10:00,8.638814859934643
2025-11-06 11:00,8.028667640903649
2025-11-06 12:00,11.135526714890126
2025-11-06 13:00,16.506860881060657
2025-11-06 14:00,17.31080828833296
2025-11-06 15:00,19.465174326230745
2025-11-06 16:00,19.74369610835533
2025-11-06 17:00,20.87342436286653
2025-11-06 18:00,16.005385343926818
2025-11-06 19:00,12.467867246891146
2025-11-06 20:00,8.22821964266632
2025-11-06 21:00,7.328394468034045
2025-11-06 22:00,5.9222722076217735
2025-11-06 23:00,3.83380863363744
2025-11-07 00:00,0.7546590026464066
2025-11-07 01:00,0.4296523781344876
2025-11-07 02:00,0.1784033376414518
2025-11-07 03:00,0.32158504590450704
2025-11-07 04:00,0.35136885266187784
2025-11-07 05:00,0.7270182686754068
2025-11-07 06:00,0.8024770941849969
2025-11-07 07:00,0.6582769390564581
2025-11-07 08:00,0.46721538418337955
2025-11-07 09:00,0.22108790754740842
2025-11-07 10:00,0.1031782905004755
2025-11-07 11:00,0.05248621625286981
2025-11-07 12:00,0.05318398415146793
2025-11-07 13:00,0.1679238544141762
2025-11-07 14:00,0.29741614747065825
2025-11-07 15:00,0.5183010459362999
2025-11-07 16:00,0.6751561834964972
2025-11-07 17:00,1.1558016043284747
2025-11-07 18:00,2.0226982022056266
2025-11-07 19:00,1.8167574255285281
2025-11-07 20:00,1.2023712581921058
2025-11-07 21:00,1.453484365054785
2025-11-07 22:00,0.9812292885019784
2025-11-07 23:00,1.566883393379636
2025-11-08 00:00,2.2017036134671066
2025-11-08 01:00,4.249694269566818
2025-11-08 02:00,5.414290816927835
2025-11-08 03:00,5.730303837349583
2025-11-08 04:00,8.791680945499648
2025-11-08 05:00,8.577866981892925
2025-11-08 06:00,11.052838046583538
2025-11-08 07:00,9.53163664145817
2025-11-08 08:00,10.641251182764728
2025-11-08 09:00,7.932074401878109
2025-11-08 10:00,8.042699342674958
2025-11-08 11:00,6.871971297948729
2025-11-08 12:00,6.316187228201722
2025-11-08 13:00,5.59161393841793
2025-11-08 14:00,4.774261940722997
2025-11-08 15:00,3.5135322044460575
2025-11-08 16:00,5.222778086490917
2025-11-08 17:00,4.085433116245609
2025-11-08 18:00,5.148391725336269
2025-11-08 19:00,9.32157112650407
2025-11-08 20:00,7.6987329377398055
2025-11-08 21:00,12.590445881599607
2025-11-08 22:00,14.679995112464454
2025-11-08 23:00,11.228010601664078
2025-11-09 00:00,11.734468560169086
2025-11-09 01:00,9.1363332580748
2025-11-09 02:00,7.096698732413499
2025-11-09 03:00,7.073569248654763
2025-11-09 04:00,8.609622296662067
2025-11-09 05:00,10.974771912930095
2025-11-09 06:00,12.824754954545487
2025-11-09 07:00,13.955216015977964
2025-11-09 08:00,12.841037443211068
2025-11-09 09:00,11.316078824085183
2025-11-09 10:00,11.636992326747693
2025-11-09 11:00,11.209220613413137
2025-11-09 12:00,20.712885649346816
2025-11-09 13:00,26.458988366037264
2025-11-09 14:00,25.42740641692476
2025-11-09 15:00,31.066511954079676
2025-11-09 16:00,27.27869340094493
2025-11-09 17:00,28.664185079137134
2025-11-09 18:00,28.67256075841201
2025-11-09 19:00,34.29053782790682
2025-11-09 20:00,42.47356539305103
2025-11-09 21:00,47.77266634343685
2025-11-09 22:00,53.85694798326203
2025-11-09 23:00,58.252781717359206
2025-11-10 00:00,57.865958943233004
2025-11-10 01:00,55.98134200459768
2025-11-10 02:00,54.6805041032686
2025-11-10 03:00,50.66058731661383
2025-11-10 04:00,51.62847877022534
2025-11-10 05:00,49.31259224670462
2025-11-10 06:00,49.44540253900617
2025-11-10 07:00,48.054110676580045
2025-11-10 08:00,42.71416580020362
2025-11-10 09:00,40.821104720550046
2025-11-10 10:00,40.752462326216
2025-11-10 11:00,36.00461193580307
2025-11-10 12:00,35.52979193067834
2025-11-10 13:00,36.92631320084834
2025-11-10 14:00,34.54006234727205
2025-11-10 15:00,34.72681678541676
2025-11-10 16:00,32.826581307143236
2025-11-10 17:00,31.27449075795063
2025-11-10 18:00,30.637935228308727
2025-11-10 19:00,24.733882928118312
2025-11-10 20:00,18.626805009529654
2025-11-10 21:00,14.922771239195894
2025-11-10 22:00,13.672002660673055
2025-11-10 23:00,14.176837773155796
2025-11-11 00:00,11.91598370284838
2025-11-11 01:00,11.868899710206595
2025-11-11 02:00,13.043860685590602
2025-11-11 03:00,13.744961275271404
2025-11-11 04:00,13.655027434811696
2025-11-11 05:00,12.253865211879052
2025-11-11 06:00,10.427788960233414
2025-11-11 07:00,9.837267843356875
2025-11-11 08:00,9.277038752317189
2025-11-11 09:00,8.402551024600939
2025-11-11 10:00,8.81575914730195
2025-11-11 11:00,7.537332706306491
2025-11-11 12:00,10.721107392321313
2025-11-11 13:00,9.297980220488903
2025-11-11 14:00,10.859791897432334
2025-11-11 15:00,13.637155853719838
2025-11-11 16:00,15.59448879893063
2025-11-11 17:00,13.878734808631974
2025-11-11 18:00,16.375096315615764
2025-11-11 19:00,12.546323735282986
2025-11-11 20:00,9.238476157587884
2025-11-11 21:00,6.233396450291458
2025-11-11 22:00,6.1634343176152955
2025-11-11 23:00,5.830044451453816
2025-11-12 00:00,6.43525757458387
2025-11-12 01:00,6.360019855655113
2025-11-12 02:00,6.785253894340476
2025-11-12 03:00,6.009160732480324
2025-11-12 04:00,6.242631379113886
2025-11-12 05:00,5.935587913380105
2025-11-12 06:00,5.113011379460572
2025-11-12 07:00,4.1722866878700575
2025-11-12 08:00,3.060900964235745
2025-11-12 09:00,2.387426504098346
2025-11-12 10:00,2.821881058000317
2025-11-12 11:00,1.6236328881712652
2025-11-12 12:00,1.955775460799076
2025-11-12 13:00,2.5536128560098987
2025-11-12 14:00,3.408219365075211
2025-11-12 15:00,5.520739522144038
2025-11-12 16:00,7.079262610936715
2025-11-12 17:00,7.518148838496965
2025-11-12 18:00,9.212054750862755
2025-11-12 19:00,8.17831659121988
2025-11-12 20:00,6.726426043735625
2025-11-12 21:00,4.453358846675218
2025-11-12 22:00,4.3184892832849275
2025-11-12 23:00,3.9930516544261816
2025-11-13 00:00,5.958510208482783
2025-11-13 01:00,7.201458640636314
2025-11-13 02:00,8.454367358831195
2025-11-13 03:00,9.907103089690127
2025-11-13 04:00,10.052879110779736
2025-11-13 05:00,11.338814975139055
2025-11-13 06:00,10.30172425386657
2025-11-13 07:00,10.003815943983566
2025-11-13 08:00,9.2712737707508
2025-11-13 09:00,7.601084213276341
2025-11-13 10:00,7.824865158710821
2025-11-13 11:00,6.768059247621079
2025-11-13 12:00,6.7564138684976065
2025-11-13 13:00,8.855051698137288
2025-11-13 14:00,15.534956927206746
2025-11-13 15:00,18.99421551523252
2025-11-13 16:00,25.414106053368027
2025-11-13 17:00,28.281566299009633
2025-11-13 18:00,28.424285786070826
2025-11-13 19:00,28.60823006444192
2025-11-13 20:00,28.211380400991004
2025-11-13 21:00,24.55464820256132
2025-11-13 22:00,21.383860121217023
2025-11-13 23:00,21.256753706307833
2025-11-14 00:00,13.35705858553866
2025-11-14 01:00,12.755312230669233
2025-11-14 02:00,13.760947766340509
2025-11-14 03:00,11.206405764037497
2025-11-14 04:00,11.49655752114623
2025-11-14 05:00,10.837522761363974
2025-11-14 06:00,10.50122118870578
2025-11-14 07:00,11.838838315654195
2025-11-14 08:00,10.798765156099044
2025-11-14 09:00,10.289627277627622
2025-11-14 10:00,9.228824364753933
2025-11-14 11:00,13.075098555956384
2025-11-14 12:00,14.321288084366294
2025-11-14 13:00,15.7196402301504
2025-11-14 14:00,13.403338518114097
2025-11-14 15:00,15.153592802474178
2025-11-14 16:00,16.381006884499936
2025-11-14 17:00,15.613711381567741
2025-11-14 18:00,13.797224693983669
2025-11-14 19:00,13.748101173496332
2025-11-14 20:00,11.838526178160246
2025-11-14 21:00,9.151390221412964
2025-11-14 22:00,8.490628766561532
2025-11-14 23:00,6.774710113193801
2025-11-15 00:00,6.542402564041677
2025-11-15 01:00,6.1661746611953205
2025-11-15 02:00,5.642252253843788
2025-11-15 03:00,5.543083140270758
2025-11-15 04:00,4.6881129220606
2025-11-15 05:00,3.681838391507439
2025-11-15 06:00,1.969435926274298
2025-11-15 07:00,1.3340377069942218
2025-11-15 08:00,1.5852125952364382
2025-11-15 09:00,1.0172655042730954
2025-11-15 10:00,0.448304048475737
2025-11-15 11:00,0.7222098017680925
2025-11-15 12:00,1.580925948905101
2025-11-15 13:00,1.5716136552510949
2025-11-15 14:00,2.1326623408197074
2025-11-15 15:00,2.6027200328508506
2025-11-15 16:00,3.435730486336076
2025-11-15 17:00,3.428519311062346
2025-11-15 18:00,3.0621622712508993
2025-11-15 19:00,2.245221841724877
2025-11-15 20:00,1.6952184005206126
2025-11-15 21:00,1.1277620092182654
2025-11-15 22:00,0.9664481142651364
2025-11-15 23:00,0.9714127647530337
2025-11-16 00:00,0.6510415945804248
2025-11-16 01:00,1.0329092050793407
2025-11-16 02:00,0.7820302541454615
2025-11-16 03:00,0.8996739199114971
2025-11-16 04:00,0.8902598589129377
2025-11-16 05:00,1.0222001881735343
2025-11-16 06:00,1.1003757503220397
2025-11-16 07:00,1.0068017956218478
2025-11-16 08:00,0.7714877047508334
2025-11-16 09:00,0.9728457779498193
2025-11-16 10:00,1.1750238597355804
2025-11-16 11:00,1.5446450590375973
2025-11-16 12:00,4.150977249693186
2025-11-16 13:00,6.093342515688352
2025-11-16 14:00,6.419139141878887
2025-11-16 15:00,7.100890185600127
2025-11-16 16:00,7.4036320293115985
2025-11-16 17:00,6.169544904254834
2025-11-16 18:00,6.26435683211402
2025-11-16 19:00,6.0846850619885
2025-11-16 20:00,9.160511715159117
2025-11-16 21:00,10.518426871019656
2025-11-16 22:00,14.803176839555908
2025-11-16 23:00,16.22464930383053
2025-11-17 00:00,20.020455125161494
2025-11-17 01:00,47.653233444279806
2025-11-17 02:00,57.59148090349578
2025-11-17 03:00,57.208019499837405
2025-11-17 04:00,55.976540471728
2025-11-17 05:00,55.92896390888288
2025-11-17 06:00,56.241754765552784
2025-11-17 07:00,53.09555733174758
2025-11-17 08:00,52.437481625199986
2025-11-17 09:00,51.13983503190961
2025-11-17 10:00,49.90340647801507
2025-11-17 11:00,51.22852325292803
2025-11-17 12:00,52.081590487759414
2025-11-17 13:00,53.04080788169482
2025-11-17 14:00,52.61476044741728
2025-11-17 15:00,53.051686557248544
2025-11-17 16:00,53.385348303044864
2025-11-17 17:00,54.21826805728899
2025-11-17 18:00,54.01614431913903
2025-11-17 19:00,54.41126943040306
2025-11-17 20:00,52.73635081992817
2025-11-17 21:00,54.177309571740096
2025-11-17 22:00,52.56870265017874
2025-11-17 23:00,55.18725031180503
2025-11-18 00:00,54.855169018061694
2025-11-18 01:00,55.08140150087644
2025-11-18 02:00,50.85866316414441
2025-11-18 03:00,54.33480982284277
2025-11-18 04:00,53.43531021315175
2025-11-18 05:00,53.46667630225647
2025-11-18 06:00,49.95692094913177
2025-11-18 07:00,47.10409662782188
2025-11-18 08:00,40.75920694153051
2025-11-18 09:00,41.530418849890296
2025-11-18 10:00,28.477309469456625
2025-11-18 11:00,31.02142538587042
2025-11-18 12:00,44.92902293110825
2025-11-18 13:00,43.00799848074902
2025-11-18 14:00,43.076786179658974
2025-11-18 15:00,45.0376774972199
2025-11-18 16:00,38.02115357115566
2025-11-18 17:00,30.499540099791957
2025-11-18 18:00,38.37506030697051
2025-11-18 19:00,31.605861000903765
2025-11-18 20:00,25.877089034982298
2025-11-18 21:00,22.51982852370705
2025-11-18 22:00,21.66293024715315
2025-11-18 23:00,18.21788142092874
2025-11-19 00:00,12.728546842791827
2025-11-19 01:00,15.694229206057178
2025-11-19 02:00,17.41187504872835
2025-11-19 03:00,5.561949812459495
2025-11-19 04:00,5.415459452357236
2025-11-19 05:00,7.049930942264064
2025-11-19 06:00,6.596535784442503
2025-11-19 07:00,10.074084416479291
2025-11-19 08:00,6.683112310161964
2025-11-19 09:00,4.465803860353827
2025-11-19 10:00,3.494999732932787
2025-11-19 11:00,1.1316275225926364
2025-11-19 12:00,1.3281964650198868
2025-11-19 13:00,1.144086180223068
2025-11-19 14:00,2.4813963787871485
2025-11-19 15:00,2.2862066278449005
2025-11-19 16:00,3.787151801966311
2025-11-19 17:00,4.103047845167725
2025-11-19 18:00,3.9756516309358827
2025-11-19 19:00,3.6705201251969664
2025-11-19 20:00,1.6521391849535123
2025-11-19 21:00,1.7476806998469296
2025-11-19 22:00,2.0771715573719716
2025-11-19 23:00,2.078390027032928
2025-11-20 00:00,2.7731679630091777
2025-11-20 01:00,4.724324935770464
2025-11-20 02:00,3.0428929621417304
2025-11-20 03:00,3.1364596879604836
2025-11-20 04:00,3.7373610068514282
2025-11-20 05:00,3.1844031059660467
2025-11-20 06:00,3.803654719450882
2025-11-20 07:00,3.487099680457561
2025-11-20 08:00,7.790271041622815
2025-11-20 09:00,6.945445886878652
2025-11-20 10:00,9.621094412394386
2025-11-20 11:00,11.39618619465301
2025-11-20 12:00,10.868720250318649
2025-11-20 13:00,14.179554455417481
2025-11-20 14:00,17.088601418035662
2025-11-20 15:00,16.226929368024997
2025-11-20 16:00,18.993809151848794
2025-11-20 17:00,22.259679027374016
2025-11-20 18:00,23.019657649911593
2025-11-20 19:00,21.23936522715714
2025-11-20 20:00,25.2272884392075
2025-11-20 21:00,19.364609224342423
2025-11-20 22:00,19.355606952851485
2025-11-20 23:00,20.597500077587434
2025-11-21 00:00,23.275736606234922
2025-11-21 01:00,17.49124867310098
2025-11-21 02:00,18.39226146675349
2025-11-21 03:00,13.046483771541713
2025-11-21 04:00,10.972514546579255
2025-11-21 05:00,8.013359386218013
2025-11-21 06:00,5.382457152726671
2025-11-21 07:00,4.472695638965067
2025-11-21 08:00,1.8529153550759596
2025-11-21 09:00,1.2930747701283278
2025-11-21 10:00,1.0588297041556414
2025-11-21 11:00,2.111965789106353
2025-11-21 12:00,3.949590365584416
2025-11-21 13:00,6.389878095375924
2025-11-21 14:00,8.827225862908321
2025-11-21 15:00,7.583742060483949
2025-11-21 16:00,8.541585002118467
2025-11-21 17:00,11.009376453393475
2025-11-21 18:00,9.690455870207327
2025-11-21 19:00,10.947840811187081
2025-11-21 20:00,9.20772808388196
2025-11-21 21:00,6.94021048608087
2025-11-21 22:00,5.931393935939784
2025-11-21 23:00,6.477645769142626
2025-11-22 00:00,4.045219264052277
2025-11-22 01:00,3.257270960959306
2025-11-22 02:00,4.328464350750801
2025-11-22 03:00,2.572494315942995
2025-11-22 04:00,3.020462330233845
2025-11-22 05:00,3.847172077317482
2025-11-22 06:00,4.0328530026140745
2025-11-22 07:00,2.5623885580166976
2025-11-22 08:00,1.5473495217879725
2025-11-22 09:00,1.2382445166405893
2025-11-22 10:00,1.0306609550399444
2025-11-22 11:00,0.9639953576693804
2025-11-22 12:00,1.7030091642200897
2025-11-22 13:00,2.2234158112631843
2025-11-22 14:00,2.7978407779774903
2025-11-22 15:00,4.2552089586570006
2025-11-22 16:00,3.8696716467845382
2025-11-22 17:00,3.090184206800008
2025-11-22 18:00,1.5706693464904933
2025-11-22 19:00,1.4134542003840707
2025-11-22 20:00,1.649967517186997
2025-11-22 21:00,1.7962649881481738
2025-11-22 22:00,2.7662070296111594
2025-11-22 23:00,3.3572644025168827
2025-11-23 00:00,3.7217713359714946
2025-11-23 01:00,3.3977381049602857
2025-11-23 02:00,5.687198121299506
2025-11-23 03:00,9.047228154400933
2025-11-23 04:00,9.166271016032441
2025-11-23 05:00,8.637141174126668
2025-11-23 06:00,10.115421288989479
2025-11-23 07:00,9.056603372439582
2025-11-23 08:00,9.794298077420779
2025-11-23 09:00,8.358410965806609
2025-11-23 10:00,11.518318127145633
2025-11-23 11:00,13.422940208671026
2025-11-23 12:00,14.392008422358646
2025-11-23 13:00,14.402121946886663
2025-11-23 14:00,14.421683470420868
2025-11-23 15:00,14.171674216916538
2025-11-23 16:00,14.33409007006454
2025-11-23 17:00,13.79002710469644
2025-11-23 18:00,13.598801436471147
2025-11-23 19:00,14.426019192589756
2025-11-23 20:00,12.79769545467028
2025-11-23 21:00,11.148753872911918
2025-11-23 22:00,11.499340866748287
2025-11-23 23:00,11.207118515409087
2025-11-24 00:00,9.990990023319412
2025-11-24 01:00,10.511332137308534
2025-11-24 02:00,9.232975127131374
2025-11-24 03:00,10.640195809407482
2025-11-24 04:00,9.668714259482979
2025-11-24 05:00,8.864126718960259
2025-11-24 06:00,10.496284578233949
2025-11-24 07:00,10.085626187106797
2025-11-24 08:00,11.449603554366703
2025-11-24 09:00,12.444574822426038
2025-11-24 10:00,14.463628706993365
2025-11-24 11:00,17.42956834942874
2025-11-24 12:00,15.272648156423056
2025-11-24 13:00,14.633654999318388
2025-11-24 14:00,13.85076048721345
2025-11-24 15:00,12.548889168195128
2025-11-24 16:00,9.20166326169507
2025-11-24 17:00,8.810392916138255
2025-11-24 18:00,8.186144288003543
2025-11-24 19:00,7.074797505385271
2025-11-24 20:00,6.453949120852234
2025-11-24 21:00,8.534767967947074
2025-11-24 22:00,12.038383734598137
2025-11-24 23:00,14.599798251056905
2025-11-25 00:00,6.898363644619986
2025-11-25 01:00,11.061545702963523
2025-11-25 02:00,13.14943371809712
2025-11-25 03:00,16.924600250489895
2025-11-25 04:00,27.520458372085933
2025-11-25 05:00,35.29414558593156
2025-11-25 06:00,38.10337289555107
2025-11-25 07:00,44.86634264122529
2025-11-25 08:00,54.02299207280522
2025-11-25 09:00,54.66535014848835
2025-11-25 10:00,56.77709078409981
2025-11-25 11:00,59.34905366394706
2025-11-25 12:00,59.171523160620296
2025-11-25 13:00,59.45047833894752
2025-11-25 14:00,59.90035678263418
2025-11-25 15:00,59.87319280959646
2025-11-25 16:00,59.04691102996506
2025-11-25 17:00,57.672543975807216
2025-11-25 18:00,58.10160425456351
2025-11-25 19:00,56.81399999115047
2025-11-25 20:00,52.98698634221704
2025-11-25 21:00,49.83792454318479
2025-11-25 22:00,44.22066348081907
2025-11-25 23:00,39.342065277134246
2025-11-26 00:00,27.308902824469648
2025-11-26 01:00,20.707306674046425
2025-11-26 02:00,13.955506189490977
2025-11-26 03:00,11.535065901089181
2025-11-26 04:00,8.849350669114981
2025-11-26 05:00,7.51777638491361
2025-11-26 06:00,5.003589468229821
2025-11-26 07:00,3.209838490525793
2025-11-26 08:00,1.2849997814446033
2025-11-26 09:00,1.094041149452752
2025-11-26 10:00,0.7400917295307368
2025-11-26 11:00,0.6323055238401273
2025-11-26 12:00,1.045494336116589
2025-11-26 13:00,1.485464448344659
2025-11-26 14:00,2.904135897683454
2025-11-26 15:00,3.902351891133155
2025-11-26 16:00,2.8588173282030622
2025-11-26 17:00,2.1835414192719886
2025-11-26 18:00,1.0525755259809348
2025-11-26 19:00,0.6348996699029211
2025-11-26 20:00,0.8831445483063127
2025-11-26 21:00,1.8446998220415713
2025-11-26 22:00,3.34403546210713
2025-11-26 23:00,5.843316217453596
2025-11-27 00:00,11.766780742216019
2025-11-27 01:00,15.81909926481304
2025-11-27 02:00,27.608806452673463
2025-11-27 03:00,36.73723554469081
2025-11-27 04:00,41.73910113153015
2025-11-27 05:00,45.97177649665227
2025-11-27 06:00,46.7600624868148
2025-11-27 07:00,49.1462952627967
2025-11-27 08:00,58.086426341415844
2025-11-27 09:00,59.69568424393056
2025-11-27 10:00,58.64778846098773
2025-11-27 11:00,58.23528053906354
2025-11-27 12:00,59.70404168908939
2025-11-27 13:00,60.220834233667546
2025-11-27 14:00,58.67730752476561
2025-11-27 15:00,56.848425057839734
2025-11-27 16:00,57.596309025180076
2025-11-27 17:00,58.10340337153848
2025-11-27 18:00,57.53705565474993
2025-11-27 19:00,58.41510526490603
2025-11-27 20:00,58.31665002742159
2025-11-27 21:00,56.32911303418065
2025-11-27 22:00,57.06029891553516
2025-11-27 23:00,55.775248665843506
2025-11-28 00:00,55.481420077208455
2025-11-28 01:00,53.63296362454446
2025-11-28 02:00,48.031114138280174
2025-11-28 03:00,46.67299344976996
2025-11-28 04:00,37.9976322734035
2025-11-28 05:00,35.479028631461254
2025-11-28 06:00,25.82037631949229
2025-11-28 07:00,23.552066956919738
2025-11-28 08:00,16.038640007570862
2025-11-28 09:00,9.736528496805205
2025-11-28 10:00,9.013138631562612
2025-11-28 11:00,5.446925436197211
2025-11-28 12:00,4.473047657187245
2025-11-28 13:00,4.513657987133411
2025-11-28 14:00,4.084694699487559
2025-11-28 15:00,4.672477616407587
2025-11-28 16:00,5.150487103187063
2025-11-28 17:00,3.284354297962489
2025-11-28 18:00,1.877698461811878
2025-11-28 19:00,0.8432314597766053
2025-11-28 20:00,1.0334842316163786
2025-11-28 21:00,1.2276310028665518
2025-11-28 22:00,2.0136609508672665
2025-11-28 23:00,1.9394137519345376
2025-11-29 00:00,2.4426438778835515
2025-11-29 01:00,3.9283228263629275
2025-11-29 02:00,4.854814710623325
2025-11-29 03:00,5.986293579729407
2025-11-29 04:00,8.108825436118186
2025-11-29 05:00,7.459159016154798
2025-11-29 06:00,9.27300715840091
2025-11-29 07:00,11.545537394664674
2025-11-29 08:00,13.99008045971917
2025-11-29 09:00,17.03830311814941
2025-11-29 10:00,23.651839336834783
2025-11-29 11:00,27.81090787083085
2025-11-29 12:00,32.51954088425044
2025-11-29 13:00,37.7443777809123
2025-11-29 14:00,37.72457197382677
2025-11-29 15:00,42.62982759207765
2025-11-29 16:00,39.00785156617828
2025-11-29 17:00,39.890777047042576
2025-11-29 18:00,35.47103141090647
2025-11-29 19:00,31.429114334117763
2025-11-29 20:00,29.86369220824313
2025-11-29 21:00,27.68191666351493
2025-11-29 22:00,26.222549998206347
2025-11-29 23:00,25.29144618149018
2025-11-30 00:00,28.276959414577174
2025-11-30 01:00,25.08787024520518
2025-11-30 02:00,22.077495823518674
2025-11-30 03:00,17.601118211657866
2025-11-30 04:00,15.277387931317355
2025-11-30 05:00,14.439227790669449
2025-11-30 06:00,14.753372762310159
2025-11-30 07:00,15.155795757745562
2025-11-30 08:00,15.233636278933776
2025-11-30 09:00,14.264096766915202
2025-11-30 10:00,17.40041837828562
2025-11-30 11:00,18.179872833357347
2025-11-30 12:00,22.111826202684895
2025-11-30 13:00,22.893701334644742
2025-11-30 14:00,22.36328843098086
2025-11-30 15:00,25.314912010446186
2025-11-30 16:00,25.682207819894515
2025-11-30 17:00,28.928644137729528
2025-11-30 18:00,27.204302665349132
2025-11-30 19:00,26.05832128786063
2025-11-30 20:00,23.50143031535685
2025-11-30 21:00,23.610784056594134
2025-11-30 22:00,23.33003139422152
2025-11-30 23:00,25.497546259887855
2025-12-01 00:00,27.899181012535966
2025-12-01 01:00,30.815924079216593
2025-12-01 02:00,44.012322163449646
2025-12-01 03:00,44.96819186784814
2025-12-01 04:00,41.67549207558885
2025-12-01 05:00,36.12896615791638
2025-12-01 06:00,29.167930816975876
2025-12-01 07:00,25.27228669053583
2025-12-01 08:00,23.670777138321515
2025-12-01 09:00,22.512293523956536
2025-12-01 10:00,21.4135901137509
2025-12-01 11:00,21.606642587525894
2025-12-01 12:00,25.626231640959112
2025-12-01 13:00,27.628050806178138
2025-12-01 14:00,27.717095035208025
2025-12-01 15:00,29.4669068867861
2025-12-01 16:00,30.80255659097601
2025-12-01 17:00,26.70517897312712
2025-12-01 18:00,22.49178807207375
2025-12-01 19:00,21.351092797562053
2025-12-01 20:00,20.14788211867605
2025-12-01 21:00,17.932450352925116
2025-12-01 22:00,18.595630594378324
2025-12-01 23:00,22.85071022389264
2025-12-02 00:00,29.03402351198643
2025-12-02 01:00,30.933385744882777
2025-12-02 02:00,35.394152281849685
2025-12-02 03:00,37.758621803878924
2025-12-02 04:00,38.3305611738601
2025-12-02 05:00,41.72762017089142
2025-12-02 06:00,42.19501398500584
2025-12-02 07:00,44.03572960449745
2025-12-02 08:00,45.51151320770266
2025-12-02 09:00,46.6970383593213
2025-12-02 10:00,44.64462607468771
2025-12-02 11:00,46.84222250676753
2025-12-02 12:00,47.01380127204615
2025-12-02 13:00,47.9691470101232
2025-12-02 14:00,47.78724428733422
2025-12-02 15:00,46.71119405320246
2025-12-02 16:00,44.20803663222186
2025-12-02 17:00,43.54935963683111
2025-12-02 18:00,41.48802182061503
2025-12-02 19:00,40.77903918244295
2025-12-02 20:00,37.828935108616946
2025-12-02 21:00,33.405988419107395
2025-12-02 22:00,34.3046167830562
2025-12-02 23:00,31.92327385185162
2025-12-03 00:00,36.62715146615551
2025-12-03 01:00,41.80978839350435
2025-12-03 02:00,41.19258695630668
2025-12-03 03:00,42.45164975085767
2025-12-03 04:00,42.094362199541585
2025-12-03 05:00,46.63231326186637
2025-12-03 06:00,38.27887194615111
2025-12-03 07:00,38.23568323693167
2025-12-03 08:00,37.32043566547111
2025-12-03 09:00,36.50352605987044
2025-12-03 10:00,41.520279286547876
2025-12-03 11:00,44.00492118141154
2025-12-03 12:00,48.578039766985626
2025-12-03 13:00,49.38459244700914
2025-12-03 14:00,49.24135201422695
2025-12-03 15:00,49.603402974118765
2025-12-03 16:00,51.480980777101266
2025-12-03 17:00,51.54453339727741
2025-12-03 18:00,50.54995788931525
2025-12-03 19:00,50.190053256368984
2025-12-03 20:00,49.79493942943935
2025-12-03 21:00,44.58468566417913
2025-12-03 22:00,36.96152889763283
2025-12-03 23:00,32.92256958118199
2025-12-04 00:00,34.5351852690565
2025-12-04 01:00,27.730977505214792
2025-12-04 02:00,23.511677940938906
2025-12-04 03:00,24.295382176211195
2025-12-04 04:00,17.34496660909523
2025-12-04 05:00,13.064924856783012
2025-12-04 06:00,11.653895980829017
2025-12-04 07:00,11.015949288818778
2025-12-04 08:00,6.240833410623531
2025-12-04 09:00,4.728471251021483
2025-12-04 10:00,1.774406887930431
2025-12-04 11:00,1.188352124866778
2025-12-04 12:00,1.3736292414373212
2025-12-04 13:00,2.3591921184582985
2025-12-04 14:00,6.506749302405254
2025-12-04 15:00,8.459205866052661
2025-12-04 16:00,12.163621133856042
2025-12-04 17:00,27.467268778231418
2025-12-04 18:00,35.45020204165863
2025-12-04 19:00,44.930325875524524
2025-12-04 20:00,50.87313154486556
2025-12-04 21:00,58.9274179981176
2025-12-04 22:00,59.47464406921428
2025-12-04 23:00,61.36517509076867
2025-12-05 00:00,60.8536360090761
2025-12-05 01:00,59.19227263051825
2025-12-05 02:00,56.47429905445449
2025-12-05 03:00,51.52263494523973
2025-12-05 04:00,51.25782823837576
2025-12-05 05:00,47.20946216638103
2025-12-05 06:00,39.99188852625127
2025-12-05 07:00,35.42000964126036
2025-12-05 08:00,27.448243301321163
2025-12-05 09:00,22.530543020905796
2025-12-05 10:00,22.416476153613214
2025-12-05 11:00,16.91036441559081
2025-12-05 12:00,15.991601011496794
2025-12-05 13:00,12.65797603446201
2025-12-05 14:00,12.17579879525326
2025-12-05 15:00,11.65690446244679
2025-12-05 16:00,10.497568620050732
2025-12-05 17:00,7.191103844067851
2025-12-05 18:00,3.754986591679768
2025-12-05 19:00,2.871286585658171
2025-12-05 20:00,2.2678994407181956
2025-12-05 21:00,2.0590685009159975
2025-12-05 22:00,1.6466473265623636
2025-12-05 23:00,1.5812789696084608
2025-12-06 00:00,1.81841393108449
2025-12-06 01:00,1.5735742691723598
2025-12-06 02:00,2.027356957199581
2025-12-06 03:00,2.40349996603885
2025-12-06 04:00,3.641949913297891
2025-12-06 05:00,3.0587956120701825
2025-12-06 06:00,5.529733521884159
2025-12-06 07:00,6.264527773071279
2025-12-06 08:00,10.323114966994812
2025-12-06 09:00,9.584275435624104
2025-12-06 10:00,11.246845298811069
2025-12-06 11:00,16.959594019499942
2025-12-06 12:00,23.920503254180744
2025-12-06 13:00,34.068743738274556
2025-12-06 14:00,38.53178734561311
2025-12-06 15:00,40.20927994636017
2025-12-06 16:00,38.9847521188091
2025-12-06 17:00,38.4133295400987
2025-12-06 18:00,38.99034103382797
2025-12-06 19:00,39.956466859928824
2025-12-06 20:00,38.98305888929287
2025-12-06 21:00,39.49731980836649
2025-12-06 22:00,37.129505672812975
2025-12-06 23:00,37.722140334107955
2025-12-07 00:00,31.154716163411756
2025-12-07 01:00,28.69742764331902
2025-12-07 02:00,24.524647023516795
2025-12-07 03:00,22.460539562309766
2025-12-07 04:00,18.063058818983333
2025-12-07 05:00,18.554922140945546
2025-12-07 06:00,16.352558255140252
2025-12-07 07:00,16.07122781844104
2025-12-07 08:00,19.196315045055417
2025-12-07 09:00,16.21211141167815
2025-12-07 10:00,17.188155204619466
2025-12-07 11:00,20.12911371634918
2025-12-07 12:00,20.07083777965665
2025-12-07 13:00,24.417278903763915
2025-12-07 14:00,31.200359932867023
2025-12-07 15:00,34.1946893460654
2025-12-07 16:00,41.262499283534716
2025-12-07 17:00,42.52234027900294
2025-12-07 18:00,44.17858228370067
2025-12-07 19:00,46.51419957019757
2025-12-07 20:00,46.75104076141089
2025-12-07 21:00,50.737963337270585
2025-12-07 22:00,54.44291131603201
2025-12-07 23:00,56.765071025403486
2025-12-08 00:00,56.545765900503
2025-12-08 01:00,54.374839591877915
2025-12-08 02:00,53.89649447403052
2025-12-08 03:00,52.81742424088285
2025-12-08 04:00,50.6092512456459
2025-12-08 05:00,46.17324301634324
2025-12-08 06:00,45.561845563183965
2025-12-08 07:00,42.28237238567095
2025-12-08 08:00,38.894583856169135
2025-12-08 09:00,34.785784986674734
2025-12-08 10:00,31.975323629356176
2025-12-08 11:00,25.448664384390053
2025-12-08 12:00,27.37687410599159
2025-12-08 13:00,23.71411617955838
2025-12-08 14:00,25.529745880791328
2025-12-08 15:00,32.202340793888126
2025-12-08 16:00,21.465417797529028
2025-12-08 17:00,27.045530465514236
2025-12-08 18:00,22.23660438744124
2025-12-08 19:00,14.358845435381742
2025-12-08 20:00,9.951120419447262
2025-12-08 21:00,8.405191578003226
2025-12-08 22:00,7.038274604701605
2025-12-08 23:00,5.534437191284505
2025-12-09 00:00,5.267426127719804
2025-12-09 01:00,5.360285477685077
2025-12-09 02:00,4.572540616936286
2025-12-09 03:00,4.438895005624017
2025-12-09 04:00,3.060110423628525
2025-12-09 05:00,2.8369521412911327
2025-12-09 06:00,2.340408099471322
2025-12-09 07:00,3.065071939739382
2025-12-09 08:00,1.5232972499585125
2025-12-09 09:00,1.7777275818643532
2025-12-09 10:00,1.8786803381848158
2025-12-09 11:00,0.6615682763769813
2025-12-09 12:00,2.084120851350637
2025-12-09 13:00,3.996007830972153
2025-12-09 14:00,3.1911657042770853
2025-12-09 15:00,3.0821566600172656
2025-12-09 16:00,2.118005280442639
2025-12-09 17:00,0.669073169396244
2025-12-09 18:00,0.5371837509117452
2025-12-09 19:00,1.0741554671953526
2025-12-09 20:00,1.2978304466686446
2025-12-09 21:00,1.4356015538179059
2025-12-09 22:00,1.4567800747816502
2025-12-09 23:00,1.342242179020662
2025-12-10 00:00,0.6249872136631739
2025-12-10 01:00,0.7965531619451472
2025-12-10 02:00,1.4426368418577482
2025-12-10 03:00,1.6194622536406182
2025-12-10 04:00,1.4001904579526068
2025-12-10 05:00,1.428235677323966
2025-12-10 06:00,1.9344872915039382
2025-12-10 07:00,2.1507204770542723
2025-12-10 08:00,2.1143149489087385
2025-12-10 09:00,2.1534995916353106
2025-12-10 10:00,2.0346758351183194
2025-12-10 11:00,2.2805541352801613
2025-12-10 12:00,2.062483821875689
2025-12-10 13:00,2.109435068814549
2025-12-10 14:00,1.9061208479359415
2025-12-10 15:00,2.218414194613943
2025-12-10 16:00,2.0882358427700733
2025-12-10 17:00,2.4681609166112817
2025-12-10 18:00,2.615789500439563
2025-12-10 19:00,2.5095298356416937
2025-12-10 20:00,3.191681622522877
2025-12-10 21:00,4.308511261808462
2025-12-10 22:00,6.840306484111386
2025-12-10 23:00,10.016267976323958
2025-12-11 00:00,16.91022604656552
2025-12-11 01:00,14.146042038423811
2025-12-11 02:00,20.552891993147224
2025-12-11 03:00,22.977146121592124
2025-12-11 04:00,20.747349823729962
2025-12-11 05:00,24.645437817880243
2025-12-11 06:00,23.500613248640313
2025-12-11 07:00,24.138876330401256
2025-12-11 08:00,35.92143211937476
2025-12-11 09:00,39.81349291481563
2025-12-11 10:00,55.320477918107656
2025-12-11 11:00,63.28554139801323
2025-12-11 12:00,59.63614702079932
2025-12-11 13:00,59.24860135704255
2025-12-11 14:00,58.68249323319784
2025-12-11 15:00,57.595606265700056
2025-12-11 16:00,56.55187891366364
2025-12-11 17:00,55.484579520206644
2025-12-11 18:00,54.916452581581154
2025-12-11 19:00,52.80831767640111
2025-12-11 20:00,52.862431398047164
2025-12-11 21:00,53.0952303368947
2025-12-11 22:00,53.086718048281114
2025-12-11 23:00,51.617798288421916
2025-12-12 00:00,46.81562315712618
2025-12-12 01:00,43.5813411641942
2025-12-12 02:00,36.755230268344924
2025-12-12 03:00,31.543667357616123
2025-12-12 04:00,26.352162247825177
2025-12-12 05:00,27.258853460830267
2025-12-12 06:00,22.006847019325882
2025-12-12 07:00,18.0017263473313
2025-12-12 08:00,14.227728504008127
2025-12-12 09:00,10.470385667321537
2025-12-12 10:00,7.912832748400756
2025-12-12 11:00,6.121696397162036
2025-12-12 12:00,3.5129992768788423
2025-12-12 13:00,3.033335278111415
2025-12-12 14:00,2.51079420151226
2025-12-12 15:00,1.8866207376382735
2025-12-12 16:00,1.521950091963305
2025-12-12 17:00,1.824990064747586
2025-12-12 18:00,2.790434007998333
2025-12-12 19:00,2.518345370392219
2025-12-12 20:00,1.9772697235322128
2025-12-12 21:00,2.413923429771226
2025-12-12 22:00,2.684905033565792
2025-12-12 23:00,4.340282947991975
2025-12-13 00:00,3.907286444872103
2025-12-13 01:00,4.7871559517402025
2025-12-13 02:00,5.4171486029281395
2025-12-13 03:00,6.619820398009228
2025-12-13 04:00,8.09473225164426
2025-12-13 05:00,7.726435338190798
2025-12-13 06:00,6.369359399103486
2025-12-13 07:00,5.3847814628329225
2025-12-13 08:00,4.272068854095185
2025-12-13 09:00,3.1979500957159495
2025-12-13 10:00,2.7681581731368845
2025-12-13 11:00,2.7198211328329673
2025-12-13 12:00,4.923353134262586
2025-12-13 13:00,7.379443762618879
2025-12-13 14:00,18.614079833028995
2025-12-13 15:00,17.69769868427733
2025-12-13 16:00,20.338996237761517
2025-12-13 17:00,23.78237391009486
2025-12-13 18:00,25.105742172695468
2025-12-13 19:00,23.973284218650296
2025-12-13 20:00,23.765244836747357
2025-12-13 21:00,17.290678334617393
2025-12-13 22:00,17.66885327147546
2025-12-13 23:00,13.6336172752497
2025-12-14 00:00,33.513088706645036
2025-12-14 01:00,35.67971696527831
2025-12-14 02:00,35.99680176699415
2025-12-14 03:00,36.31326563871781
2025-12-14 04:00,36.09053930307365
2025-12-14 05:00,33.39475592736393
2025-12-14 06:00,34.417722844383846
2025-12-14 07:00,36.41908913228177
2025-12-14 08:00,45.611207379653365
2025-12-14 09:00,52.920470518735144
2025-12-14 10:00,49.24029748783631
2025-12-14 11:00,49.58699854007487
2025-12-14 12:00,53.458491002905
2025-12-14 13:00,49.76718569876243
2025-12-14 14:00,48.5927619609745
2025-12-14 15:00,46.41283585488441
2025-12-14 16:00,44.258633930910264
2025-12-14 17:00,45.04049263969403
2025-12-14 18:00,46.46358637177263
2025-12-14 19:00,34.86521017473035
2025-12-14 20:00,27.35573866808142
2025-12-14 21:00,33.002669465772165
2025-12-14 22:00,25.86981051450147
2025-12-14 23:00,23.54480641754961
2025-12-15 00:00,15.633519138459029
2025-12-15 01:00,15.921379521880567
2025-12-15 02:00,11.42419199725838
2025-12-15 03:00,11.264033711723002
2025-12-15 04:00,7.073828739112166
2025-12-15 05:00,6.437359122533351
2025-12-15 06:00,5.775013136512278
2025-12-15 07:00,3.7796545196396067
2025-12-15 08:00,1.7786316046977295
2025-12-15 09:00,1.6797584176210303
2025-12-15 10:00,2.430932031948686
2025-12-15 11:00,0.8356408113643201
2025-12-15 12:00,0.39819116318511677
2025-12-15 13:00,1.5037269346404785
2025-12-15 14:00,2.125198508336613
2025-12-15 15:00,2.4752873200456342
2025-12-15 16:00,2.720290630545345
2025-12-15 17:00,1.6755352611027252
2025-12-15 18:00,1.9438793892646362
2025-12-15 19:00,2.6754370750377867
2025-12-15 20:00,3.559289014041432
2025-12-15 21:00,4.865671665288961
2025-12-15 22:00,8.969837331711597
2025-12-15 23:00,11.588327089260869
2025-12-16 00:00,6.921842883983233
2025-12-16 01:00,8.007079463235673
2025-12-16 02:00,7.974550407983097
2025-12-16 03:00,10.313053400409816
2025-12-16 04:00,10.260841116599078
2025-12-16 05:00,9.721866857575378
2025-12-16 06:00,10.827881450426862
2025-12-16 07:00,9.094658390727501
2025-12-16 08:00,10.9689677355899
2025-12-16 09:00,9.468744474202737
2025-12-16 10:00,9.542158867416004
2025-12-16 11:00,9.313197677811612
2025-12-16 12:00,12.631618918014958
2025-12-16 13:00,13.066582291431638
2025-12-16 14:00,11.09628825072134
2025-12-16 15:00,10.207963343246991
2025-12-16 16:00,9.086963953672566
2025-12-16 17:00,6.977048707060463
2025-12-16 18:00,4.444614429149594
2025-12-16 19:00,3.1205999666085362
2025-12-16 20:00,2.763631964557491
2025-12-16 21:00,2.5602517329197596
2025-12-16 22:00,3.2741428456271118
2025-12-16 23:00,4.4301297518801
2025-12-17 00:00,4.470239964471411
2025-12-17 01:00,3.3461152121092073
2025-12-17 02:00,3.794300688500936
2025-12-17 03:00,3.6354027742430683
2025-12-17 04:00,6.465083293878443
2025-12-17 05:00,8.589582902612891
2025-12-17 06:00,8.57443908349353
2025-12-17 07:00,17.445861906608897
2025-12-17 08:00,23.343831136397885
2025-12-17 09:00,25.794844155939295
2025-12-17 10:00,30.67193233189449
2025-12-17 11:00,32.369408745184494
2025-12-17 12:00,32.15727740121464
2025-12-17 13:00,32.64870790582337
2025-12-17 14:00,37.316645844388916
2025-12-17 15:00,35.11282734752414
2025-12-17 16:00,36.43579283290298
2025-12-17 17:00,32.35169599925544
2025-12-17 18:00,31.85149222093744
2025-12-17 19:00,27.308787979775865
2025-12-17 20:00,18.539608750803705
2025-12-17 21:00,14.043947301191645
2025-12-17 22:00,13.70969803512108
2025-12-17 23:00,10.795785094606735
2025-12-18 00:00,7.54314284504645
2025-12-18 01:00,5.812701900762995
2025-12-18 02:00,5.581981162815449
2025-12-18 03:00,3.8472649561735435
2025-12-18 04:00,3.819259463125083
2025-12-18 05:00,3.780908381590336
2025-12-18 06:00,2.828241846292335
2025-12-18 07:00,2.205197852281345
2025-12-18 08:00,1.1986363521416927
2025-12-18 09:00,0.8407310370605947
2025-12-18 10:00,0.769260652840722
2025-12-18 11:00,0.671168130861643
2025-12-18 12:00,1.2187075133585084
2025-12-18 13:00,1.7150470300457354
2025-12-18 14:00,2.1639011511512005
2025-12-18 15:00,2.8146775173788163
2025-12-18 16:00,3.3417700894580404
2025-12-18 17:00,3.632941456940369
2025-12-18 18:00,3.0044231786387448
2025-12-18 19:00,2.062165462786458
2025-12-18 20:00,1.0711022499150689
2025-12-18 21:00,0.7266915233762793
2025-12-18 22:00,1.0151782236922011
2025-12-18 23:00,1.5229853841200465
2025-12-19 00:00,3.9812910787734026
2025-12-19 01:00,4.931895869956406
2025-12-19 02:00,3.787802604626691
2025-12-19 03:00,5.492945706085086
2025-12-19 04:00,4.213249631437179
2025-12-19 05:00,8.177143449256018
2025-12-19 06:00,8.248040499463613
2025-12-19 07:00,9.535012927893623
2025-12-19 08:00,8.606418831262452
2025-12-19 09:00,8.65175837759486
2025-12-19 10:00,7.276196792546933
2025-12-19 11:00,6.912733193129571
2025-12-19 12:00,8.342530434974268
2025-12-19 13:00,12.317863118287509
2025-12-19 14:00,14.410356338922206
2025-12-19 15:00,15.778647577773741
2025-12-19 16:00,14.90131295058921
2025-12-19 17:00,13.876608496518278
2025-12-19 18:00,16.86645425469815
2025-12-19 19:00,18.80527431207366
2025-12-19 20:00,20.474981317825897
2025-12-19 21:00,15.818449869994375
2025-12-19 22:00,17.30155831600853
2025-12-19 23:00,16.273050325257397
2025-12-20 00:00,15.231017020170231
2025-12-20 01:00,16.199838710701247
2025-12-20 02:00,18.3182502765555
2025-12-20 03:00,19.69081537942769
2025-12-20 04:00,21.688832515806457
2025-12-20 05:00,23.16441582147926
2025-12-20 06:00,22.953810858649167
2025-12-20 07:00,25.021173528720286
2025-12-20 08:00,24.713523307624733
2025-12-20 09:00,22.38896673747449
2025-12-20 10:00,22.34500429388258
2025-12-20 11:00,18.30606866616613
2025-12-20 12:00,16.9177213049981
2025-12-20 13:00,17.37051220805017
2025-12-20 14:00,22.092456352390236
2025-12-20 15:00,34.54143195583762
2025-12-20 16:00,40.96901487823939
2025-12-20 17:00,51.71362488772778
2025-12-20 18:00,54.64043398778878
2025-12-20 19:00,54.909518705832994
2025-12-20 20:00,57.5386265199315
2025-12-20 21:00,57.37838104598006
2025-12-20 22:00,57.096159016283586
2025-12-20 23:00,56.533152586779046
2025-12-21 00:00,54.2518112984247
2025-12-21 01:00,54.33145629751975
2025-12-21 02:00,53.673383435294895
2025-12-21 03:00,54.92260769572731
2025-12-21 04:00,53.73041893668031
2025-12-21 05:00,51.71656822998527
2025-12-21 06:00,52.82545527570373
2025-12-21 07:00,50.85855176101714
2025-12-21 08:00,48.56706481794778
2025-12-21 09:00,46.609171948833335
2025-12-21 10:00,46.0958427784276
2025-12-21 11:00,43.49580860161095
2025-12-21 12:00,42.110759154011305
2025-12-21 13:00,41.76571653610082
2025-12-21 14:00,43.37935902100685
2025-12-21 15:00,42.712727917123736
2025-12-21 16:00,39.53432438020122
2025-12-21 17:00,38.95033701249919
2025-12-21 18:00,34.90991754308166
2025-12-21 19:00,33.399826635570186
2025-12-21 20:00,31.33498501986292
2025-12-21 21:00,26.626148533361956
2025-12-21 22:00,21.75964292259762
2025-12-21 23:00,18.820738009980634
2025-12-22 00:00,21.4890566195657
2025-12-22 01:00,20.493544695670508
2025-12-22 02:00,19.164167484804622
2025-12-22 03:00,16.914012043382684
2025-12-22 04:00,14.019213657195202
2025-12-22 05:00,12.841846325777297
2025-12-22 06:00,12.291677088426264
2025-12-22 07:00,12.037643871234389
2025-12-22 08:00,10.777993649339484
2025-12-22 09:00,8.583804415560252
2025-12-22 10:00,5.317571359303358
2025-12-22 11:00,4.667708891011344
2025-12-22 12:00,3.7356930362582688
2025-12-22 13:00,3.8058154358385123
2025-12-22 14:00,4.608365870074038
2025-12-22 15:00,5.6532925144368384
2025-12-22 16:00,5.198964398960971
2025-12-22 17:00,4.54872990274165
2025-12-22 18:00,5.32318875022688
2025-12-22 19:00,4.312202748341754
2025-12-22 20:00,2.928422367547979
2025-12-22 21:00,1.6662563658057243
2025-12-22 22:00,1.0948241935538168
2025-12-22 23:00,0.9937780125569778
2025-12-23 00:00,1.4901868694363056
2025-12-23 01:00,1.3024659707225341
2025-12-23 02:00,1.0449423067055075
2025-12-23 03:00,1.8490689669957012
2025-12-23 04:00,2.1907299758133014
2025-12-23 05:00,3.4173255672304563
2025-12-23 06:00,3.5697356844953765
2025-12-23 07:00,3.42034640307889
2025-12-23 08:00,3.613934800108789
2025-12-23 09:00,3.155238880155152
2025-12-23 10:00,4.535889159464913
2025-12-23 11:00,5.146904162242116
2025-12-23 12:00,9.30208887376553
2025-12-23 13:00,10.780375471034517
2025-12-23 14:00,12.468621591935145
2025-12-23 15:00,13.169415086040953
2025-12-23 16:00,10.623876066397377
2025-12-23 17:00,8.086976358122454
2025-12-23 18:00,5.7233788525996
2025-12-23 19:00,4.53671627061911
2025-12-23 20:00,5.689291361330428
2025-12-23 21:00,9.024943478392762
2025-12-23 22:00,9.889142385135488
2025-12-23 23:00,10.226965847746033
2025-12-24 00:00,11.425406911280334
2025-12-24 01:00,18.665539078302736
2025-12-24 02:00,29.124630383197772
2025-12-24 03:00,35.02347377189864
2025-12-24 04:00,41.568999483299336
2025-12-24 05:00,48.480339949315464
2025-12-24 06:00,47.34912606546185
2025-12-24 07:00,47.735675225244435
2025-12-24 08:00,44.46770598418467
2025-12-24 09:00,43.98208237970933
2025-12-24 10:00,41.325900101764695
2025-12-24 11:00,42.17486451057111
2025-12-24 12:00,41.60927195062879
2025-12-24 13:00,44.32611105377738
2025-12-24 14:00,46.32043658164435
2025-12-24 15:00,51.16175794505916
2025-12-24 16:00,52.82856172741617
2025-12-24 17:00,52.431312012669906
2025-12-24 18:00,49.36694438309537
2025-12-24 19:00,46.92961621760438
2025-12-24 20:00,44.143034813487716
2025-12-24 21:00,41.77344105623608
2025-12-24 22:00,40.63297255633037
2025-12-24 23:00,39.27478554596899
2025-12-25 00:00,42.18177272884873
2025-12-25 01:00,41.524809640752295
2025-12-25 02:00,38.67328955454178
2025-12-25 03:00,40.83586752558169
2025-12-25 04:00,45.03926290453849
2025-12-25 05:00,49.780557461822916
2025-12-25 06:00,51.48607983518572
2025-12-25 07:00,55.150973480074796
2025-12-25 08:00,56.52168238731309
2025-12-25 09:00,57.001685344231646
2025-12-25 10:00,56.36559500041645
2025-12-25 11:00,55.039873904890904
2025-12-25 12:00,55.57791050383935
2025-12-25 13:00,55.8108103951038
2025-12-25 14:00,54.36581792208416
2025-12-25 15:00,54.906023481985635
2025-12-25 16:00,55.26163293355509
2025-12-25 17:00,55.389423082219025
2025-12-25 18:00,56.87944847402361
2025-12-25 19:00,55.45545135964677
2025-12-25 20:00,55.7976618405624
2025-12-25 21:00,56.40158099693018
2025-12-25 22:00,56.47685959508949
2025-12-25 23:00,56.28222958014897
2025-12-26 00:00,55.40154902984169
2025-12-26 01:00,55.96530256294071
2025-12-26 02:00,55.72304386620698
2025-12-26 03:00,55.57506393353304
2025-12-26 04:00,55.18865377186925
2025-12-26 05:00,55.56684726904468
2025-12-26 06:00,54.87466107619094
2025-12-26 07:00,54.313011126466506
2025-12-26 08:00,52.8572538154119
2025-12-26 09:00,50.47439644532028
2025-12-26 10:00,47.062751329754434
2025-12-26 11:00,47.889317508949404
2025-12-26 12:00,47.51599594533932
2025-12-26 13:00,46.87116557711058
2025-12-26 14:00,47.442462801250734
2025-12-26 15:00,47.52329486764272
2025-12-26 16:00,42.9340525144265
2025-12-26 17:00,43.43538847537859
2025-12-26 18:00,38.91670448604756
2025-12-26 19:00,34.693540868372864
2025-12-26 20:00,27.12833031427895
2025-12-26 21:00,16.267511404307673
2025-12-26 22:00,10.518404380311233
2025-12-26 23:00,7.846175558424255
2025-12-27 00:00,5.840669817252014
2025-12-27 01:00,4.288253063135983
2025-12-27 02:00,4.034867785190781
2025-12-27 03:00,3.1021150932453394
2025-12-27 04:00,2.1311452092400565
2025-12-27 05:00,1.291591630592698
2025-12-27 06:00,0.5632385428379252
2025-12-27 07:00,0.7294395439673516
2025-12-27 08:00,0.5536625796246392
2025-12-27 09:00,0.7502385112488598
2025-12-27 10:00,0.4436784047272022
2025-12-27 11:00,0.205415289041059
2025-12-27 12:00,0.6279464511283122
2025-12-27 13:00,0.08089220989962775
2025-12-27 14:00,0.11074900092017884
2025-12-27 15:00,0.16789339082346458
2025-12-27 16:00,0.3619223528843297
2025-12-27 17:00,1.770769930260132
2025-12-27 18:00,2.8149203890623093
2025-12-27 19:00,0.8114948246797649
2025-12-27 20:00,1.4856102572974557
2025-12-27 21:00,1.161962101338697
2025-12-27 22:00,1.9597351534942666
2025-12-27 23:00,2.024163571154844
2025-12-28 00:00,3.2358558990002466
2025-12-28 01:00,2.913194198540666
2025-12-28 02:00,2.1299044130509746
2025-12-28 03:00,2.3802562267253555
2025-12-28 04:00,2.599919064473988
2025-12-28 05:00,1.9596250764376024
2025-12-28 06:00,3.631386324209066
2025-12-28 07:00,4.103127600899514
2025-12-28 08:00,4.012261650418644
2025-12-28 09:00,3.7067446122481957
2025-12-28 10:00,4.611806650376741
2025-12-28 11:00,6.739087833152113
2025-12-28 12:00,6.7886390509092385
2025-12-28 13:00,9.001533422605629
2025-12-28 14:00,14.470962856077314
2025-12-28 15:00,13.049993310767508
2025-12-28 16:00,15.712884316251962
2025-12-28 17:00,15.482437804073822
2025-12-28 18:00,16.339394292863915
2025-12-28 19:00,19.325027676983886
2025-12-28 20:00,22.46267757745882
2025-12-28 21:00,20.97201839313222
2025-12-28 22:00,24.55273504593843
2025-12-28 23:00,23.469567885283354
2025-12-29 00:00,19.05675857548166
2025-12-29 01:00,18.514584770596365
2025-12-29 02:00,23.932340457111966
2025-12-29 03:00,23.88938048814054
2025-12-29 04:00,28.278612329012113
2025-12-29 05:00,26.58624569441791
2025-12-29 06:00,25.581102261736916
2025-12-29 07:00,25.361073719127532
2025-12-29 08:00,27.676311180713746
2025-12-29 09:00,23.889548864212706
2025-12-29 10:00,28.209461299379278
2025-12-29 11:00,27.434569498293833
2025-12-29 12:00,32.23323218609989
2025-12-29 13:00,28.00186948560457
2025-12-29 14:00,30.4258663447101
2025-12-29 15:00,26.361808335436397
2025-12-29 16:00,23.272646078743996
2025-12-29 17:00,31.446808843606536
2025-12-29 18:00,35.18604268063269
2025-12-29 19:00,33.92622547133905
2025-12-29 20:00,29.15515123327274
2025-12-29 21:00,28.333950708090367
2025-12-29 22:00,25.60302118794845
2025-12-29 23:00,23.243284768607523
2025-12-30 00:00,23.214488610519062
2025-12-30 01:00,21.70320309872739
2025-12-30 02:00,21.18238951484776
2025-12-30 03:00,23.461079977038622
2025-12-30 04:00,28.74258032108369
2025-12-30 05:00,28.739916657747646
2025-12-30 06:00,29.998586076895002
2025-12-30 07:00,30.32651321440072
2025-12-30 08:00,32.14904515845589
2025-12-30 09:00,28.942212519109663
2025-12-30 10:00,27.317335098151972
2025-12-30 11:00,28.33393761402968
2025-12-30 12:00,26.325459306742843
2025-12-30 13:00,29.544497146919454
2025-12-30 14:00,34.939253951024284
2025-12-30 15:00,32.93846815360945
2025-12-30 16:00,34.008942876726586
2025-12-30 17:00,31.280063653832006
2025-12-30 18:00,28.11300304862212
2025-12-30 19:00,24.15439526914417
2025-12-30 20:00,19.25687603798763
2025-12-30 21:00,14.55923674048463
2025-12-30 22:00,16.579618517324036
2025-12-30 23:00,10.576450809991012
2025-12-31 00:00,17.32372396662363
2025-12-31 01:00,15.748326597806399
2025-12-31 02:00,11.480856044907275
2025-12-31 03:00,19.469986454125397
2025-12-31 04:00,31.45930781643727
2025-12-31 05:00,36.345534774026916
2025-12-31 06:00,37.22693101857374
2025-12-31 07:00,38.865696210702005
2025-12-31 08:00,41.855817220004205
2025-12-31 09:00,42.03253671770114
2025-12-31 10:00,40.2724413148817
2025-12-31 11:00,42.30271561518011
2025-12-31 12:00,43.88961042412801
2025-12-31 13:00,45.11297714520715
2025-12-31 14:00,45.493120818781925
2025-12-31 15:00,46.459754490301876
2025-12-31 16:00,44.754847584605876
2025-12-31 17:00,44.87139769682773
2025-12-31 18:00,44.41305711333557
2025-12-31 19:00,43.903923027836086
2025-12-31 20:00,42.13168270351535
2025-12-31 21:00,38.80706391949986
2025-12-31 22:00,32.83919419029892
2025-12-31 23:00,27.704500220915428
